,predict,relation
16000,xAttr,xReact
16001,xIntent,xWant
16002,oWant,xAttr
16003,xIntent,xWant
16004,xAttr,xAttr
16005,xAttr,xAttr
16006,xIntent,xIntent
16007,oEffect,oEffect
16008,xIntent,oWant
16009,xIntent,oWant
16010,oEffect,oEffect
16011,NA,xWant
16012,xAttr,xReact
16013,xAttr,xReact
16014,xIntent,xWant
16015,xAttr,xAttr
16016,xIntent,xReact
16017,xIntent,oEffect
16018,oReact,xWant
16019,xEffect,xEffect
16020,xIntent,xReact
16021,xNeed,xAttr
16022,oWant,xNeed
16023,xWant,xIntent
16024,xWant,xIntent
16025,xIntent,xEffect
16026,xIntent,xNeed
16027,xAttr,xAttr
16028,xIntent,xAttr
16029,xIntent,xEffect
16030,xWant,oWant
16031,xIntent,xNeed
16032,xWant,oReact
16033,xEffect,xEffect
16034,xNeed,oReact
16035,xIntent,xWant
16036,xAttr,xAttr
16037,xIntent,xIntent
16038,xAttr,xAttr
16039,xIntent,xAttr
16040,xIntent,xNeed
16041,xIntent,xReact
16042,xNeed,xIntent
16043,xReact,xWant
16044,xIntent,oReact
16045,xEffect,xAttr
16046,oEffect,xEffect
16047,xIntent,xNeed
16048,xNeed,xWant
16049,xAttr,oReact
16050,oWant,xWant
16051,xAttr,oReact
16052,xWant,xNeed
16053,xWant,xIntent
16054,xEffect,xReact
16055,xEffect,xReact
16056,oEffect,oEffect
16057,oEffect,xAttr
16058,NA,xAttr
16059,xIntent,xIntent
16060,xIntent,xNeed
16061,xIntent,oWant
16062,xEffect,oReact
16063,xAttr,xReact
16064,xIntent,xEffect
16065,NA,xNeed
16066,oReact,xWant
16067,xIntent,xWant
16068,oWant,xAttr
16069,oWant,xIntent
16070,xWant,xIntent
16071,xIntent,oWant
16072,xAttr,xReact
16073,xEffect,xReact
16074,xAttr,xAttr
16075,xIntent,xEffect
16076,xIntent,xEffect
16077,xIntent,xIntent
16078,xIntent,xIntent
16079,xIntent,xIntent
16080,oEffect,xAttr
16081,xWant,xWant
16082,oReact,xEffect
16083,oEffect,xEffect
16084,xEffect,oEffect
16085,xAttr,xEffect
16086,xAttr,oReact
16087,xIntent,xEffect
16088,xIntent,xReact
16089,xIntent,oWant
16090,xIntent,xAttr
16091,xReact,xReact
16092,xIntent,xWant
16093,xAttr,xAttr
16094,xAttr,xAttr
16095,xAttr,xEffect
16096,xIntent,xWant
16097,xAttr,xEffect
16098,oEffect,oReact
16099,xIntent,xEffect
16100,NA,xIntent
16101,oEffect,xEffect
16102,xIntent,xWant
16103,xReact,xReact
16104,xIntent,xAttr
16105,oEffect,oEffect
16106,xWant,xWant
16107,xIntent,xNeed
16108,oWant,xWant
16109,xAttr,xEffect
16110,xIntent,oWant
16111,oReact,xWant
16112,xIntent,xIntent
16113,xAttr,xAttr
16114,oEffect,xReact
16115,xIntent,xNeed
16116,xWant,xNeed
16117,xAttr,oEffect
16118,xAttr,xAttr
16119,xAttr,xAttr
16120,xIntent,xNeed
16121,xIntent,xNeed
16122,xEffect,xReact
16123,xAttr,oReact
16124,xWant,xWant
16125,xIntent,xIntent
16126,xIntent,xIntent
16127,xIntent,xIntent
16128,xWant,xWant
16129,xEffect,xReact
16130,xAttr,oReact
16131,oEffect,xEffect
16132,xIntent,xReact
16133,xAttr,xAttr
16134,xIntent,xWant
16135,xIntent,xEffect
16136,xAttr,xWant
16137,xIntent,xWant
16138,xIntent,xNeed
16139,xIntent,oWant
16140,NA,xNeed
16141,xIntent,xIntent
16142,xAttr,xAttr
16143,oWant,oWant
16144,xAttr,xAttr
16145,xIntent,xWant
16146,xIntent,xWant
16147,xIntent,xWant
16148,xNeed,oWant
16149,oWant,oEffect
16150,xAttr,xAttr
16151,oEffect,oEffect
16152,oEffect,oReact
16153,xIntent,oReact
16154,xAttr,xReact
16155,oEffect,xReact
16156,oWant,xReact
16157,xEffect,oReact
16158,xNeed,oEffect
16159,xIntent,xWant
16160,xReact,xReact
16161,oReact,xReact
16162,xIntent,oEffect
16163,xNeed,xNeed
16164,xAttr,xReact
16165,xIntent,xWant
16166,xIntent,xReact
16167,oReact,xAttr
16168,xIntent,xAttr
16169,xIntent,oReact
16170,xAttr,xAttr
16171,xAttr,xAttr
16172,oEffect,oReact
16173,xAttr,oReact
16174,xAttr,oReact
16175,xIntent,xNeed
16176,xWant,xWant
16177,xEffect,xEffect
16178,xIntent,xAttr
16179,xIntent,xWant
16180,xIntent,xIntent
16181,xIntent,xWant
16182,xIntent,xEffect
16183,xNeed,xEffect
16184,xAttr,xAttr
16185,oEffect,xAttr
16186,xReact,xEffect
16187,xIntent,xIntent
16188,xEffect,xEffect
16189,xIntent,xWant
16190,xIntent,xEffect
16191,xIntent,xIntent
16192,xAttr,oReact
16193,xIntent,xIntent
16194,xIntent,xEffect
16195,oEffect,oEffect
16196,NA,oWant
16197,xIntent,xWant
16198,xAttr,xAttr
16199,xIntent,xWant
16200,xIntent,xWant
16201,xIntent,xEffect
16202,xNeed,xNeed
16203,xIntent,oEffect
16204,oEffect,xEffect
16205,xIntent,xIntent
16206,xEffect,oEffect
16207,xIntent,xAttr
16208,xIntent,xWant
16209,xIntent,xWant
16210,xIntent,oWant
16211,oReact,xEffect
16212,oReact,xReact
16213,xAttr,xAttr
16214,oReact,oEffect
16215,xIntent,xWant
16216,xIntent,xWant
16217,oEffect,oReact
16218,oEffect,xEffect
16219,xIntent,xWant
16220,xNeed,xWant
16221,xNeed,xWant
16222,oReact,xIntent
16223,xIntent,xWant
16224,xIntent,oWant
16225,xIntent,xNeed
16226,oEffect,oEffect
16227,xIntent,xEffect
16228,oReact,xEffect
16229,xWant,xNeed
16230,xIntent,xWant
16231,xIntent,xWant
16232,oEffect,xIntent
16233,xEffect,xReact
16234,xNeed,xNeed
16235,xIntent,xIntent
16236,oWant,xWant
16237,xIntent,xWant
16238,xAttr,oReact
16239,xIntent,oWant
16240,xReact,oReact
16241,xIntent,xAttr
16242,xIntent,oWant
16243,xIntent,xNeed
16244,xAttr,xEffect
16245,oEffect,xEffect
16246,oWant,xWant
16247,xNeed,xNeed
16248,xAttr,xAttr
16249,xReact,oWant
16250,xIntent,xNeed
16251,xAttr,xEffect
16252,xAttr,xReact
16253,xIntent,xWant
16254,xIntent,xIntent
16255,xAttr,xAttr
16256,xAttr,xReact
16257,xNeed,xWant
16258,xIntent,xAttr
16259,xEffect,xReact
16260,xWant,xWant
16261,xEffect,xReact
16262,xEffect,xEffect
16263,xAttr,xReact
16264,oReact,oReact
16265,xEffect,xReact
16266,oReact,xReact
16267,xWant,xWant
16268,xAttr,xAttr
16269,oEffect,xIntent
16270,xIntent,xAttr
16271,xEffect,xEffect
16272,xEffect,xAttr
16273,xIntent,oWant
16274,xAttr,oReact
16275,oWant,xReact
16276,xEffect,oReact
16277,xIntent,xAttr
16278,oReact,xNeed
16279,xIntent,xNeed
16280,xReact,xReact
16281,xNeed,xIntent
16282,xAttr,xAttr
16283,xIntent,oReact
16284,xIntent,xIntent
16285,xAttr,xAttr
16286,xIntent,xNeed
16287,xAttr,xAttr
16288,xIntent,xNeed
16289,xReact,oReact
16290,xAttr,xAttr
16291,xIntent,xReact
16292,xIntent,xWant
16293,xAttr,xAttr
16294,xIntent,xIntent
16295,xIntent,xIntent
16296,xIntent,oWant
16297,xWant,xReact
16298,oWant,xNeed
16299,oEffect,xReact
16300,xIntent,xIntent
16301,oEffect,xReact
16302,xEffect,xEffect
16303,oEffect,xEffect
16304,xIntent,xNeed
16305,oReact,xNeed
16306,NA,xAttr
16307,xIntent,oWant
16308,xIntent,xWant
16309,xEffect,xReact
16310,xIntent,xNeed
16311,xAttr,xAttr
16312,xEffect,oReact
16313,xIntent,xEffect
16314,xAttr,xAttr
16315,xIntent,xIntent
16316,oEffect,xEffect
16317,xAttr,xReact
16318,xReact,oReact
16319,xIntent,xIntent
16320,xIntent,xNeed
16321,xAttr,xAttr
16322,xAttr,xReact
16323,xIntent,xWant
16324,xIntent,xNeed
16325,xIntent,xNeed
16326,xNeed,xIntent
16327,xWant,xNeed
16328,oEffect,oReact
16329,xIntent,xNeed
16330,xIntent,xNeed
16331,xNeed,xEffect
16332,xAttr,oReact
16333,xIntent,xWant
16334,xIntent,xWant
16335,xEffect,oReact
16336,xEffect,xReact
16337,xIntent,xWant
16338,xAttr,xReact
16339,xIntent,xAttr
16340,xAttr,xAttr
16341,xAttr,xAttr
16342,oEffect,xReact
16343,xAttr,xEffect
16344,oEffect,oEffect
16345,xIntent,xIntent
16346,oEffect,xAttr
16347,xAttr,xAttr
16348,xIntent,xIntent
16349,xIntent,oWant
16350,xReact,xNeed
16351,xIntent,xIntent
16352,xAttr,xReact
16353,xWant,xReact
16354,NA,xIntent
16355,xIntent,xIntent
16356,xAttr,xIntent
16357,xIntent,xAttr
16358,xIntent,xWant
16359,xIntent,xIntent
16360,xAttr,xReact
16361,oEffect,xEffect
16362,xIntent,xWant
16363,xIntent,oReact
16364,xWant,xWant
16365,xEffect,xReact
16366,xEffect,xNeed
16367,xIntent,oWant
16368,xWant,xWant
16369,xEffect,xEffect
16370,xAttr,xEffect
16371,xWant,xWant
16372,xWant,xReact
16373,xWant,oReact
16374,xAttr,xReact
16375,xWant,oReact
16376,xWant,xReact
16377,xIntent,xAttr
16378,oReact,xEffect
16379,xNeed,xWant
16380,xIntent,xWant
16381,xAttr,xIntent
16382,xIntent,xWant
16383,xNeed,xWant
16384,xIntent,xNeed
16385,xReact,xAttr
16386,xIntent,xWant
16387,oEffect,xEffect
16388,xIntent,xWant
16389,xIntent,xWant
16390,xReact,oEffect
16391,xIntent,xNeed
16392,xAttr,xReact
16393,xAttr,xAttr
16394,xIntent,oReact
16395,xAttr,xAttr
16396,xAttr,xAttr
16397,xReact,oEffect
16398,oReact,oEffect
16399,xIntent,oWant
16400,xAttr,xAttr
16401,oReact,xEffect
16402,oEffect,xReact
16403,xAttr,xReact
16404,xNeed,xWant
16405,xIntent,xEffect
16406,xEffect,oReact
16407,xWant,xEffect
16408,oEffect,xEffect
16409,xAttr,xAttr
16410,xNeed,oWant
16411,xIntent,oWant
16412,xEffect,xEffect
16413,xIntent,xIntent
16414,xNeed,xNeed
16415,xIntent,xNeed
16416,xNeed,xReact
16417,xAttr,xAttr
16418,oReact,oEffect
16419,oReact,oWant
16420,xIntent,xIntent
16421,xIntent,xAttr
16422,oWant,xWant
16423,xAttr,xReact
16424,xWant,xAttr
16425,xWant,xNeed
16426,oEffect,xEffect
16427,xIntent,xReact
16428,xAttr,xAttr
16429,xEffect,oReact
16430,xNeed,oWant
16431,xAttr,oReact
16432,xIntent,xWant
16433,xIntent,xNeed
16434,xNeed,xEffect
16435,xIntent,xIntent
16436,xIntent,xIntent
16437,xAttr,xAttr
16438,xReact,xEffect
16439,xAttr,xEffect
16440,xWant,oWant
16441,xAttr,oReact
16442,xAttr,xAttr
16443,xAttr,xAttr
16444,xIntent,xWant
16445,xIntent,oWant
16446,xIntent,xReact
16447,xAttr,xIntent
16448,NA,xIntent
16449,xNeed,xIntent
16450,oEffect,xEffect
16451,xIntent,xNeed
16452,xWant,xNeed
16453,xWant,xNeed
16454,xAttr,xAttr
16455,xNeed,xAttr
16456,xWant,xWant
16457,xIntent,xWant
16458,xIntent,xIntent
16459,xNeed,xAttr
16460,xIntent,oWant
16461,xNeed,xWant
16462,xEffect,xReact
16463,xIntent,xIntent
16464,xAttr,xAttr
16465,xIntent,xIntent
16466,xIntent,xWant
16467,xEffect,xEffect
16468,xIntent,xWant
16469,xAttr,xAttr
16470,xIntent,xEffect
16471,xNeed,xEffect
16472,xAttr,xAttr
16473,xAttr,xAttr
16474,oEffect,xIntent
16475,xIntent,xWant
16476,xEffect,xReact
16477,oEffect,xEffect
16478,xWant,xNeed
16479,xAttr,oReact
16480,xIntent,xIntent
16481,oEffect,xEffect
16482,xAttr,xAttr
16483,xAttr,xAttr
16484,oEffect,oEffect
16485,xNeed,xNeed
16486,xWant,xWant
16487,oReact,xIntent
16488,xIntent,xWant
16489,xIntent,xIntent
16490,xIntent,xWant
16491,xWant,oEffect
16492,xWant,oWant
16493,xEffect,xReact
16494,xIntent,xEffect
16495,xIntent,xEffect
16496,xAttr,xAttr
16497,xIntent,xIntent
16498,xIntent,xIntent
16499,xIntent,xWant
16500,xWant,oWant
16501,xIntent,xNeed
16502,xIntent,xEffect
16503,xAttr,xReact
16504,xIntent,xNeed
16505,xWant,xIntent
16506,xAttr,xReact
16507,oReact,xEffect
16508,xIntent,xNeed
16509,oEffect,xEffect
16510,oEffect,xReact
16511,xNeed,xEffect
16512,xIntent,xReact
16513,xIntent,xWant
16514,xIntent,oWant
16515,xNeed,xReact
16516,xNeed,xEffect
16517,xIntent,oReact
16518,xIntent,xNeed
16519,xAttr,xReact
16520,xIntent,oWant
16521,oReact,xReact
16522,xAttr,xReact
16523,xIntent,xNeed
16524,xIntent,xAttr
16525,xIntent,xReact
16526,xIntent,xWant
16527,xAttr,xAttr
16528,xNeed,xEffect
16529,xAttr,xAttr
16530,xAttr,xEffect
16531,xIntent,xWant
16532,xIntent,xWant
16533,xIntent,xWant
16534,xAttr,xAttr
16535,oEffect,xEffect
16536,xWant,oWant
16537,NA,xNeed
16538,xIntent,xNeed
16539,xIntent,xWant
16540,oEffect,xEffect
16541,xIntent,xWant
16542,xAttr,xAttr
16543,xEffect,xAttr
16544,xIntent,xWant
16545,xAttr,oReact
16546,xIntent,xIntent
16547,xReact,xEffect
16548,xIntent,xWant
16549,xIntent,xIntent
16550,xIntent,xNeed
16551,xReact,xEffect
16552,xEffect,xEffect
16553,xIntent,xAttr
16554,xIntent,xNeed
16555,xIntent,xWant
16556,xIntent,oReact
16557,oReact,xEffect
16558,xEffect,oWant
16559,NA,xNeed
16560,xIntent,xWant
16561,xIntent,xWant
16562,xIntent,oWant
16563,xIntent,xNeed
16564,xIntent,oWant
16565,oEffect,xEffect
16566,xIntent,xWant
16567,xEffect,xEffect
16568,xIntent,xNeed
16569,xAttr,xEffect
16570,oEffect,xWant
16571,xReact,xReact
16572,xIntent,xWant
16573,xNeed,oWant
16574,xIntent,xNeed
16575,xReact,xEffect
16576,xWant,xWant
16577,xWant,xNeed
16578,NA,xIntent
16579,xIntent,xWant
16580,oWant,xEffect
16581,xAttr,xNeed
16582,oEffect,xEffect
16583,xAttr,oReact
16584,xIntent,xReact
16585,oEffect,oReact
16586,xIntent,oWant
16587,oReact,xEffect
16588,xIntent,xWant
16589,xIntent,xWant
16590,xIntent,xWant
16591,xIntent,xIntent
16592,oEffect,xEffect
16593,xEffect,xAttr
16594,xWant,xNeed
16595,xEffect,xEffect
16596,xIntent,xNeed
16597,xIntent,xWant
16598,xAttr,xReact
16599,oEffect,xWant
16600,xWant,oEffect
16601,xIntent,xNeed
16602,xEffect,xReact
16603,xAttr,xAttr
16604,xEffect,xAttr
16605,xReact,xEffect
16606,xReact,oReact
16607,xAttr,xAttr
16608,xNeed,oEffect
16609,xAttr,xAttr
16610,xIntent,xWant
16611,xAttr,xAttr
16612,oEffect,xEffect
16613,xWant,oReact
16614,xIntent,xNeed
16615,xAttr,xAttr
16616,xIntent,xIntent
16617,xIntent,xWant
16618,xAttr,oReact
16619,xAttr,xAttr
16620,xAttr,xAttr
16621,xWant,xEffect
16622,xIntent,xWant
16623,xIntent,xEffect
16624,oEffect,oEffect
16625,xEffect,xEffect
16626,xAttr,xReact
16627,xEffect,xReact
16628,xAttr,xReact
16629,xIntent,xWant
16630,xReact,xReact
16631,xReact,xNeed
16632,xIntent,xIntent
16633,xIntent,xWant
16634,xWant,xIntent
16635,xEffect,xEffect
16636,xAttr,xReact
16637,xAttr,xReact
16638,xAttr,xEffect
16639,xIntent,xNeed
16640,oReact,xNeed
16641,xAttr,xAttr
16642,xAttr,xReact
16643,oEffect,xEffect
16644,xIntent,xWant
16645,xAttr,xAttr
16646,xAttr,xReact
16647,xAttr,xReact
16648,xReact,oWant
16649,xWant,xNeed
16650,xIntent,xEffect
16651,xIntent,xWant
16652,oEffect,xWant
16653,xIntent,xAttr
16654,xAttr,xAttr
16655,xIntent,xEffect
16656,xIntent,xAttr
16657,xIntent,xAttr
16658,xAttr,xAttr
16659,xIntent,xWant
16660,xIntent,xNeed
16661,xAttr,oWant
16662,xAttr,xAttr
16663,xIntent,xIntent
16664,xIntent,xAttr
16665,xNeed,xWant
16666,oReact,xReact
16667,xAttr,xAttr
16668,xWant,oWant
16669,xIntent,xWant
16670,xEffect,oEffect
16671,xIntent,xNeed
16672,xEffect,xAttr
16673,xEffect,xNeed
16674,xIntent,xWant
16675,xIntent,xNeed
16676,xIntent,xAttr
16677,xIntent,xWant
16678,xEffect,oEffect
16679,xIntent,xIntent
16680,xIntent,xIntent
16681,xEffect,xEffect
16682,xIntent,oWant
16683,xIntent,xIntent
16684,xEffect,xReact
16685,xIntent,xWant
16686,xIntent,xNeed
16687,xAttr,xReact
16688,xReact,xReact
16689,xNeed,xNeed
16690,NA,xNeed
16691,oEffect,xEffect
16692,xNeed,xReact
16693,xIntent,xWant
16694,xReact,xReact
16695,xIntent,xNeed
16696,xReact,xReact
16697,oEffect,xIntent
16698,xAttr,xAttr
16699,xWant,xAttr
16700,xEffect,oEffect
16701,xIntent,xEffect
16702,xIntent,xIntent
16703,oReact,xAttr
16704,xEffect,xReact
16705,xIntent,xEffect
16706,xIntent,xWant
16707,xAttr,xAttr
16708,xNeed,xEffect
16709,xWant,xNeed
16710,xWant,xWant
16711,xWant,xWant
16712,xIntent,xIntent
16713,oWant,oReact
16714,oReact,xEffect
16715,xNeed,xNeed
16716,xAttr,xAttr
16717,xNeed,xAttr
16718,xIntent,xIntent
16719,xAttr,xAttr
16720,xIntent,xAttr
16721,xIntent,oReact
16722,xAttr,xAttr
16723,xWant,xNeed
16724,xAttr,xWant
16725,xIntent,xNeed
16726,xIntent,xNeed
16727,xEffect,xNeed
16728,oReact,oReact
16729,xWant,xIntent
16730,xAttr,xAttr
16731,xAttr,xAttr
16732,oReact,xReact
16733,xIntent,xEffect
16734,xNeed,xWant
16735,xIntent,xWant
16736,xAttr,xAttr
16737,xIntent,xWant
16738,xAttr,xReact
16739,xIntent,xReact
16740,xIntent,xWant
16741,xAttr,xReact
16742,oEffect,xReact
16743,xIntent,xReact
16744,xIntent,oWant
16745,xIntent,xWant
16746,xNeed,xNeed
16747,xIntent,xWant
16748,oWant,xWant
16749,xIntent,oEffect
16750,oWant,xAttr
16751,xWant,oEffect
16752,xIntent,xAttr
16753,xReact,oEffect
16754,xIntent,oWant
16755,xIntent,xWant
16756,xReact,xAttr
16757,xNeed,xNeed
16758,xIntent,xNeed
16759,xWant,xWant
16760,xNeed,xEffect
16761,xIntent,xNeed
16762,xWant,xReact
16763,xIntent,xReact
16764,xNeed,xReact
16765,xNeed,oWant
16766,xIntent,oWant
16767,xWant,xWant
16768,oEffect,xIntent
16769,xIntent,xEffect
16770,xAttr,xIntent
16771,xIntent,xNeed
16772,xEffect,xReact
16773,xIntent,xEffect
16774,xIntent,xWant
16775,xEffect,xReact
16776,xAttr,xReact
16777,oReact,oReact
16778,xEffect,oEffect
16779,xNeed,xWant
16780,xIntent,xAttr
16781,xAttr,xEffect
16782,xAttr,oReact
16783,xIntent,xIntent
16784,xIntent,xReact
16785,xIntent,xNeed
16786,xAttr,xNeed
16787,xAttr,xAttr
16788,xIntent,xNeed
16789,xIntent,xWant
16790,xIntent,xNeed
16791,xReact,xReact
16792,xAttr,xReact
16793,xAttr,xNeed
16794,oEffect,xEffect
16795,oReact,xEffect
16796,oReact,xEffect
16797,xWant,xEffect
16798,xAttr,xReact
16799,xEffect,xEffect
16800,xIntent,xIntent
16801,xAttr,xReact
16802,oReact,xWant
16803,xWant,xWant
16804,xWant,xAttr
16805,xIntent,xWant
16806,xWant,oReact
16807,oReact,oEffect
16808,xIntent,xIntent
16809,xWant,xReact
16810,xIntent,oWant
16811,oEffect,xEffect
16812,xIntent,xWant
16813,xWant,xIntent
16814,xEffect,xNeed
16815,oReact,xReact
16816,xReact,xReact
16817,xIntent,oWant
16818,xIntent,xIntent
16819,oEffect,xWant
16820,xEffect,oEffect
16821,xIntent,xNeed
16822,oReact,oReact
16823,xIntent,xNeed
16824,xAttr,xAttr
16825,xNeed,xWant
16826,NA,xWant
16827,oEffect,xReact
16828,xIntent,xIntent
16829,xIntent,xIntent
16830,xWant,xReact
16831,xAttr,xIntent
16832,oEffect,xEffect
16833,xAttr,xReact
16834,xIntent,oWant
16835,xIntent,xIntent
16836,oEffect,xReact
16837,xIntent,xIntent
16838,xIntent,xNeed
16839,xIntent,xIntent
16840,xIntent,xEffect
16841,xIntent,xIntent
16842,xIntent,xNeed
16843,xAttr,xAttr
16844,xIntent,oWant
16845,xEffect,oReact
16846,xIntent,oReact
16847,xAttr,xEffect
16848,xIntent,xWant
16849,xAttr,xAttr
16850,xReact,oReact
16851,oEffect,xEffect
16852,oEffect,oReact
16853,xIntent,xIntent
16854,xIntent,xIntent
16855,xIntent,xIntent
16856,xIntent,xNeed
16857,xIntent,xWant
16858,xWant,xEffect
16859,xIntent,oWant
16860,xNeed,xWant
16861,oReact,xEffect
16862,xEffect,xEffect
16863,xAttr,xAttr
16864,xNeed,xEffect
16865,xAttr,xIntent
16866,xReact,xEffect
16867,xIntent,xAttr
16868,xAttr,oWant
16869,xIntent,xWant
16870,xIntent,xNeed
16871,oEffect,xAttr
16872,xIntent,oWant
16873,oReact,xReact
16874,xWant,xEffect
16875,oEffect,xWant
16876,oEffect,xAttr
16877,oEffect,xReact
16878,xAttr,xAttr
16879,xWant,oWant
16880,oReact,xReact
16881,xIntent,xReact
16882,xIntent,xNeed
16883,xReact,oReact
16884,oEffect,xReact
16885,xAttr,oReact
16886,xIntent,xWant
16887,xIntent,xReact
16888,xIntent,xAttr
16889,xAttr,xAttr
16890,xIntent,xWant
16891,xIntent,xWant
16892,xReact,xReact
16893,xAttr,xAttr
16894,xIntent,xWant
16895,xWant,oWant
16896,xIntent,xWant
16897,xAttr,xReact
16898,xIntent,xEffect
16899,oEffect,xReact
16900,xAttr,xEffect
16901,xWant,xEffect
16902,xAttr,xAttr
16903,xIntent,xWant
16904,oEffect,oEffect
16905,xAttr,oReact
16906,xReact,xAttr
16907,xAttr,xAttr
16908,xAttr,xReact
16909,xEffect,oEffect
16910,xAttr,xAttr
16911,xAttr,xAttr
16912,xAttr,xReact
16913,oEffect,xIntent
16914,xWant,xWant
16915,xAttr,xAttr
16916,xIntent,xNeed
16917,xEffect,xAttr
16918,oEffect,xWant
16919,xEffect,oEffect
16920,xWant,xWant
16921,xIntent,xIntent
16922,xIntent,xNeed
16923,xIntent,xReact
16924,xWant,oWant
16925,xAttr,xReact
16926,xReact,oEffect
16927,xIntent,xIntent
16928,xAttr,xAttr
16929,xIntent,xIntent
16930,xIntent,xIntent
16931,xIntent,xIntent
16932,xWant,oWant
16933,xIntent,xNeed
16934,xWant,oEffect
16935,xIntent,xWant
16936,NA,xIntent
16937,xAttr,xEffect
16938,xEffect,xEffect
16939,oReact,oEffect
16940,xNeed,xWant
16941,xIntent,xIntent
16942,oReact,xReact
16943,xIntent,xNeed
16944,xAttr,xReact
16945,xAttr,xAttr
16946,xEffect,oWant
16947,xIntent,xAttr
16948,xIntent,xIntent
16949,xAttr,xReact
16950,xWant,xAttr
16951,xIntent,xIntent
16952,oEffect,xAttr
16953,xAttr,oReact
16954,NA,xIntent
16955,xAttr,xReact
16956,xIntent,xIntent
16957,xIntent,oWant
16958,xNeed,xNeed
16959,xAttr,xAttr
16960,xNeed,xReact
16961,xAttr,xAttr
16962,xAttr,xAttr
16963,xAttr,xReact
16964,xIntent,xAttr
16965,xIntent,xIntent
16966,xIntent,xNeed
16967,xAttr,oReact
16968,xAttr,xAttr
16969,xEffect,xReact
16970,xIntent,xNeed
16971,xAttr,xAttr
16972,xIntent,xWant
16973,xIntent,xNeed
16974,xIntent,oWant
16975,xEffect,xReact
16976,xIntent,xWant
16977,oEffect,xIntent
16978,xAttr,xReact
16979,xIntent,xWant
16980,xWant,xNeed
16981,xAttr,xAttr
16982,xAttr,xEffect
16983,xReact,xReact
16984,xAttr,xAttr
16985,xWant,xReact
16986,xReact,oWant
16987,xNeed,xWant
16988,xAttr,xAttr
16989,xReact,oEffect
16990,xIntent,xWant
16991,xEffect,xReact
16992,xAttr,xAttr
16993,xNeed,xWant
16994,oReact,oReact
16995,xIntent,xIntent
16996,oEffect,oEffect
16997,oEffect,xEffect
16998,xIntent,xWant
16999,xIntent,xWant
17000,xReact,oWant
17001,xIntent,xWant
17002,xIntent,oWant
17003,oWant,xEffect
17004,xIntent,xWant
17005,xAttr,xWant
17006,oWant,oWant
17007,xIntent,xWant
17008,xAttr,oWant
17009,xNeed,xReact
17010,xNeed,xWant
17011,xIntent,xReact
17012,oEffect,oEffect
17013,xIntent,xAttr
17014,oReact,xEffect
17015,xEffect,oReact
17016,xIntent,oEffect
17017,xIntent,xNeed
17018,xIntent,xIntent
17019,xIntent,xIntent
17020,xIntent,xAttr
17021,xAttr,xAttr
17022,xIntent,xReact
17023,xIntent,xWant
17024,xIntent,xWant
17025,xIntent,xWant
17026,xAttr,xAttr
17027,xIntent,oEffect
17028,xNeed,xEffect
17029,xIntent,xWant
17030,xIntent,xEffect
17031,xAttr,xAttr
17032,oEffect,xEffect
17033,oEffect,xReact
17034,xAttr,xAttr
17035,xNeed,xWant
17036,xIntent,xWant
17037,xIntent,xIntent
17038,oReact,xEffect
17039,xEffect,xEffect
17040,NA,oWant
17041,xIntent,oWant
17042,xIntent,xIntent
17043,xAttr,xAttr
17044,xIntent,oWant
17045,xIntent,xAttr
17046,xEffect,xEffect
17047,xIntent,xNeed
17048,oEffect,xReact
17049,xAttr,xReact
17050,xIntent,oWant
17051,xEffect,oEffect
17052,xWant,xEffect
17053,xAttr,xAttr
17054,xWant,oReact
17055,xIntent,xNeed
17056,xEffect,xReact
17057,xAttr,xAttr
17058,xEffect,xReact
17059,xAttr,xAttr
17060,xIntent,xEffect
17061,xEffect,xEffect
17062,xIntent,xAttr
17063,xAttr,xReact
17064,xAttr,xAttr
17065,xEffect,oReact
17066,xIntent,xEffect
17067,xIntent,xEffect
17068,xAttr,xReact
17069,xAttr,xAttr
17070,xEffect,xReact
17071,xIntent,xWant
17072,xIntent,xNeed
17073,oEffect,xEffect
17074,xIntent,xIntent
17075,oEffect,xEffect
17076,xReact,xEffect
17077,xIntent,xReact
17078,xAttr,xAttr
17079,xAttr,xReact
17080,xNeed,xNeed
17081,xIntent,xIntent
17082,oWant,oReact
17083,xWant,xNeed
17084,oWant,oReact
17085,xAttr,xReact
17086,xNeed,xWant
17087,xIntent,xWant
17088,xWant,xWant
17089,xAttr,xReact
17090,xIntent,xWant
17091,xReact,xAttr
17092,xIntent,xIntent
17093,xIntent,xIntent
17094,xNeed,xReact
17095,xIntent,xEffect
17096,xAttr,xAttr
17097,xWant,xEffect
17098,xReact,xAttr
17099,xIntent,xIntent
17100,xAttr,xReact
17101,xIntent,xNeed
17102,xAttr,xReact
17103,xAttr,xReact
17104,xIntent,oEffect
17105,xIntent,xIntent
17106,xAttr,xReact
17107,xEffect,xReact
17108,xAttr,xIntent
17109,xIntent,xReact
17110,oWant,xIntent
17111,xIntent,oWant
17112,xWant,oWant
17113,xAttr,xReact
17114,xNeed,xAttr
17115,oReact,oReact
17116,xEffect,xReact
17117,xAttr,xAttr
17118,xAttr,xAttr
17119,oReact,xEffect
17120,xIntent,xNeed
17121,oReact,xReact
17122,xIntent,xNeed
17123,xIntent,xNeed
17124,oReact,xWant
17125,oReact,xEffect
17126,xAttr,xReact
17127,xWant,oEffect
17128,xIntent,xIntent
17129,xIntent,xAttr
17130,xIntent,xEffect
17131,xWant,xNeed
17132,xIntent,xWant
17133,xIntent,oWant
17134,oEffect,oEffect
17135,xIntent,oReact
17136,xAttr,xEffect
17137,xNeed,oReact
17138,oReact,xIntent
17139,xIntent,xIntent
17140,oEffect,xAttr
17141,xEffect,xReact
17142,xWant,xIntent
17143,xIntent,xWant
17144,oReact,xReact
17145,oEffect,xEffect
17146,xIntent,xIntent
17147,xEffect,xReact
17148,xWant,xNeed
17149,xWant,xIntent
17150,xAttr,xNeed
17151,xIntent,xEffect
17152,xEffect,xEffect
17153,xEffect,oEffect
17154,xIntent,xAttr
17155,xIntent,xIntent
17156,xIntent,xWant
17157,xIntent,xNeed
17158,oEffect,xEffect
17159,xIntent,xAttr
17160,xIntent,xWant
17161,xIntent,xNeed
17162,xReact,oEffect
17163,xEffect,oReact
17164,xIntent,xIntent
17165,xWant,oWant
17166,oEffect,xIntent
17167,xAttr,xAttr
17168,xIntent,oWant
17169,xReact,xEffect
17170,xAttr,xAttr
17171,xAttr,xAttr
17172,xEffect,xEffect
17173,xIntent,xNeed
17174,xIntent,xWant
17175,xIntent,xWant
17176,xIntent,xReact
17177,xEffect,xReact
17178,xEffect,oWant
17179,oEffect,oEffect
17180,oReact,xReact
17181,xAttr,xAttr
17182,xAttr,xAttr
17183,xIntent,xReact
17184,xWant,oWant
17185,xNeed,xEffect
17186,xIntent,xIntent
17187,oWant,xWant
17188,xAttr,xAttr
17189,xIntent,xWant
17190,xAttr,xAttr
17191,xAttr,xAttr
17192,xAttr,xAttr
17193,xIntent,oWant
17194,xNeed,xEffect
17195,xIntent,xIntent
17196,NA,xWant
17197,oWant,xNeed
17198,xWant,xReact
17199,xIntent,xNeed
17200,oEffect,xEffect
17201,xWant,xReact
17202,xIntent,xNeed
17203,xReact,xReact
17204,xIntent,xIntent
17205,xIntent,xReact
17206,xIntent,xIntent
17207,oEffect,oEffect
17208,xWant,oWant
17209,xIntent,xIntent
17210,xIntent,xWant
17211,xAttr,xAttr
17212,xIntent,xWant
17213,xNeed,xNeed
17214,xIntent,xEffect
17215,xIntent,xIntent
17216,xAttr,xAttr
17217,oWant,xIntent
17218,xNeed,xEffect
17219,oReact,xNeed
17220,oEffect,oEffect
17221,xAttr,xReact
17222,oReact,xNeed
17223,oReact,xEffect
17224,oEffect,xReact
17225,xAttr,xIntent
17226,xIntent,xNeed
17227,xIntent,xReact
17228,xReact,xEffect
17229,oWant,xAttr
17230,xNeed,xAttr
17231,xNeed,xWant
17232,xIntent,xAttr
17233,xEffect,oEffect
17234,xReact,xReact
17235,xIntent,xNeed
17236,xIntent,xWant
17237,xWant,xWant
17238,xWant,xReact
17239,xIntent,oReact
17240,oReact,oEffect
17241,xIntent,xReact
17242,oEffect,oReact
17243,oReact,xWant
17244,xEffect,xReact
17245,oReact,xReact
17246,xIntent,xNeed
17247,xIntent,xReact
17248,xReact,oEffect
17249,xAttr,oWant
17250,xAttr,xAttr
17251,xEffect,xEffect
17252,xIntent,xAttr
17253,xAttr,xAttr
17254,xIntent,xNeed
17255,xEffect,xReact
17256,xIntent,xIntent
17257,xIntent,xEffect
17258,oEffect,xAttr
17259,xIntent,xIntent
17260,xIntent,xWant
17261,xIntent,xWant
17262,xAttr,xNeed
17263,oReact,xNeed
17264,xIntent,oWant
17265,xAttr,oReact
17266,xAttr,xAttr
17267,oEffect,oEffect
17268,xReact,xWant
17269,xIntent,xEffect
17270,xIntent,xNeed
17271,xAttr,xReact
17272,xAttr,xAttr
17273,xAttr,xIntent
17274,xIntent,xIntent
17275,xIntent,xWant
17276,xIntent,xAttr
17277,xIntent,xNeed
17278,xIntent,xNeed
17279,xIntent,xIntent
17280,xIntent,oWant
17281,xWant,xNeed
17282,xIntent,xReact
17283,xNeed,xEffect
17284,xIntent,oWant
17285,xIntent,xReact
17286,xIntent,xNeed
17287,xAttr,xAttr
17288,xIntent,xWant
17289,xAttr,xNeed
17290,oEffect,xReact
17291,xAttr,xAttr
17292,xWant,xAttr
17293,xNeed,xIntent
17294,xIntent,xIntent
17295,xAttr,xReact
17296,xNeed,xEffect
17297,xIntent,xEffect
17298,xNeed,xWant
17299,xReact,xReact
17300,xWant,xWant
17301,NA,xEffect
17302,xIntent,xWant
17303,xNeed,xAttr
17304,xIntent,xReact
17305,xIntent,xNeed
17306,oWant,xWant
17307,oEffect,xEffect
17308,xAttr,xAttr
17309,xAttr,xAttr
17310,xIntent,xIntent
17311,xIntent,xNeed
17312,xReact,oReact
17313,xReact,xEffect
17314,xIntent,xAttr
17315,xAttr,oReact
17316,oReact,xReact
17317,xIntent,xIntent
17318,xIntent,xReact
17319,xIntent,xWant
17320,xIntent,xReact
17321,xAttr,oEffect
17322,xAttr,xAttr
17323,xIntent,xWant
17324,xNeed,xIntent
17325,oEffect,xNeed
17326,NA,xWant
17327,xIntent,xWant
17328,xIntent,xNeed
17329,xIntent,xEffect
17330,oEffect,oReact
17331,xEffect,xAttr
17332,xEffect,xAttr
17333,xEffect,xReact
17334,xIntent,xWant
17335,xAttr,xReact
17336,xIntent,xIntent
17337,xEffect,xEffect
17338,xAttr,xAttr
17339,xNeed,xAttr
17340,xIntent,xWant
17341,xAttr,xAttr
17342,xIntent,xWant
17343,xAttr,xReact
17344,xIntent,xWant
17345,xAttr,xReact
17346,xNeed,xAttr
17347,xAttr,xReact
17348,xWant,xAttr
17349,xNeed,xNeed
17350,oEffect,xEffect
17351,xAttr,xReact
17352,xNeed,xReact
17353,xAttr,xReact
17354,xAttr,xAttr
17355,xReact,oReact
17356,oReact,xWant
17357,xAttr,xAttr
17358,xAttr,xAttr
17359,xNeed,xNeed
17360,xIntent,oWant
17361,xEffect,xReact
17362,xAttr,xAttr
17363,xAttr,xReact
17364,xEffect,xEffect
17365,xAttr,xAttr
17366,NA,xNeed
17367,xReact,oEffect
17368,xEffect,xEffect
17369,xWant,xAttr
17370,xEffect,xReact
17371,xWant,xEffect
17372,xAttr,xAttr
17373,xReact,xReact
17374,xReact,xReact
17375,oReact,oReact
17376,xIntent,xWant
17377,xNeed,xNeed
17378,oReact,oReact
17379,xNeed,xIntent
17380,xAttr,xIntent
17381,xIntent,xWant
17382,xIntent,oEffect
17383,xWant,oWant
17384,oEffect,xWant
17385,xReact,xEffect
17386,xIntent,xWant
17387,xWant,xIntent
17388,xWant,xWant
17389,xAttr,xAttr
17390,xEffect,xReact
17391,xReact,xEffect
17392,xAttr,xAttr
17393,xAttr,xNeed
17394,xNeed,xWant
17395,xIntent,xIntent
17396,xAttr,xAttr
17397,xWant,xReact
17398,xWant,xNeed
17399,xIntent,xAttr
17400,xIntent,xEffect
17401,xNeed,xEffect
17402,xIntent,xIntent
17403,xAttr,xReact
17404,xIntent,xNeed
17405,xEffect,xEffect
17406,xEffect,xReact
17407,oReact,xEffect
17408,xIntent,oWant
17409,xIntent,xIntent
17410,xIntent,xNeed
17411,xWant,xWant
17412,xAttr,xReact
17413,xAttr,xReact
17414,xAttr,xAttr
17415,xIntent,xWant
17416,xIntent,xReact
17417,xIntent,oEffect
17418,xReact,oReact
17419,xIntent,xWant
17420,xIntent,xWant
17421,xIntent,xReact
17422,xAttr,xAttr
17423,xNeed,xWant
17424,xIntent,xWant
17425,xIntent,xIntent
17426,xEffect,xReact
17427,xAttr,xAttr
17428,xAttr,xReact
17429,xWant,xAttr
17430,oEffect,xEffect
17431,xAttr,oReact
17432,xWant,xAttr
17433,xEffect,xReact
17434,oEffect,xEffect
17435,xIntent,xIntent
17436,xAttr,oReact
17437,oReact,xNeed
17438,xIntent,xWant
17439,xIntent,xAttr
17440,xIntent,xReact
17441,xWant,xEffect
17442,xIntent,xReact
17443,xIntent,xNeed
17444,xEffect,oEffect
17445,oReact,xWant
17446,xAttr,xAttr
17447,xIntent,xIntent
17448,xIntent,xWant
17449,xReact,oReact
17450,oEffect,oEffect
17451,xIntent,oWant
17452,xIntent,xWant
17453,xAttr,xAttr
17454,xIntent,xWant
17455,xIntent,xIntent
17456,xAttr,xAttr
17457,xIntent,xEffect
17458,xIntent,xNeed
17459,xIntent,xNeed
17460,xIntent,xIntent
17461,oEffect,xEffect
17462,xIntent,xAttr
17463,oReact,oEffect
17464,xIntent,xEffect
17465,xIntent,oEffect
17466,xIntent,xReact
17467,xAttr,xEffect
17468,xWant,xNeed
17469,xIntent,xWant
17470,oEffect,xEffect
17471,xIntent,xIntent
17472,oReact,xEffect
17473,xIntent,xIntent
17474,xIntent,xWant
17475,xIntent,xWant
17476,oReact,xReact
17477,xIntent,oReact
17478,xIntent,xIntent
17479,xIntent,xReact
17480,oEffect,xEffect
17481,xIntent,oWant
17482,xNeed,xNeed
17483,oReact,xEffect
17484,xEffect,xAttr
17485,oReact,xReact
17486,xIntent,xWant
17487,xIntent,xWant
17488,xIntent,xWant
17489,xReact,xReact
17490,xAttr,xAttr
17491,oEffect,xEffect
17492,xIntent,xNeed
17493,oReact,oWant
17494,xIntent,xNeed
17495,xNeed,xEffect
17496,xAttr,xAttr
17497,xAttr,oReact
17498,xAttr,xAttr
17499,xEffect,xAttr
17500,xWant,xEffect
17501,oEffect,xNeed
17502,xIntent,xWant
17503,xEffect,xReact
17504,xAttr,xReact
17505,xIntent,oWant
17506,xEffect,xEffect
17507,xEffect,xReact
17508,xAttr,xAttr
17509,xAttr,xReact
17510,oWant,xEffect
17511,xWant,xEffect
17512,xIntent,xIntent
17513,xIntent,xEffect
17514,xAttr,xReact
17515,xAttr,oEffect
17516,oEffect,xReact
17517,xEffect,xReact
17518,xIntent,oEffect
17519,xWant,xWant
17520,xEffect,xEffect
17521,xWant,xWant
17522,xAttr,xAttr
17523,oEffect,xAttr
17524,xAttr,xReact
17525,xReact,xWant
17526,xIntent,xIntent
17527,xAttr,xReact
17528,xIntent,xAttr
17529,xEffect,xNeed
17530,xAttr,xReact
17531,xIntent,xWant
17532,xAttr,xEffect
17533,xEffect,xReact
17534,oEffect,xReact
17535,xAttr,xAttr
17536,xAttr,xReact
17537,xAttr,xAttr
17538,xIntent,xNeed
17539,xWant,xWant
17540,NA,xNeed
17541,xEffect,oReact
17542,xReact,oReact
17543,xAttr,xIntent
17544,xReact,oEffect
17545,xIntent,oWant
17546,xIntent,xReact
17547,oEffect,xEffect
17548,xIntent,xWant
17549,xWant,oWant
17550,xIntent,xEffect
17551,xAttr,xNeed
17552,xReact,xReact
17553,oReact,xReact
17554,xIntent,xEffect
17555,NA,oWant
17556,xIntent,xNeed
17557,oEffect,xEffect
17558,xReact,oEffect
17559,xEffect,xWant
17560,xAttr,xAttr
17561,xIntent,xWant
17562,xIntent,xIntent
17563,oWant,xWant
17564,xAttr,xReact
17565,xIntent,xAttr
17566,xReact,xEffect
17567,oEffect,xEffect
17568,xAttr,xAttr
17569,xAttr,oWant
17570,xNeed,oEffect
17571,xAttr,xAttr
17572,xIntent,xReact
17573,oEffect,xReact
17574,xIntent,xIntent
17575,xNeed,xEffect
17576,xAttr,xReact
17577,NA,xIntent
17578,xIntent,xEffect
17579,xAttr,xReact
17580,xNeed,xNeed
17581,xAttr,xReact
17582,xEffect,xIntent
17583,xIntent,xIntent
17584,xAttr,xNeed
17585,xIntent,oWant
17586,oReact,xEffect
17587,xAttr,xAttr
17588,xIntent,xNeed
17589,xAttr,xAttr
17590,oEffect,xEffect
17591,xNeed,xNeed
17592,xNeed,xReact
17593,xReact,xWant
17594,xWant,xWant
17595,xEffect,xEffect
17596,xEffect,xReact
17597,xAttr,xReact
17598,xWant,oEffect
17599,xNeed,xIntent
17600,xWant,xAttr
17601,xIntent,xReact
17602,xIntent,xNeed
17603,xIntent,xIntent
17604,xIntent,xIntent
17605,xIntent,xNeed
17606,xIntent,oWant
17607,xAttr,xAttr
17608,xAttr,oReact
17609,xWant,xWant
17610,xIntent,xNeed
17611,xAttr,xAttr
17612,xIntent,xWant
17613,xIntent,oWant
17614,xNeed,xAttr
17615,oEffect,xAttr
17616,xReact,xReact
17617,oReact,oEffect
17618,NA,xNeed
17619,xNeed,xNeed
17620,oReact,xIntent
17621,xWant,oWant
17622,xIntent,xEffect
17623,oWant,xAttr
17624,xAttr,xAttr
17625,xIntent,xWant
17626,xWant,oReact
17627,xIntent,xWant
17628,oWant,oReact
17629,xAttr,xAttr
17630,xWant,oReact
17631,xIntent,xNeed
17632,xWant,oReact
17633,xAttr,xAttr
17634,xEffect,xEffect
17635,xIntent,oWant
17636,xAttr,xAttr
17637,xAttr,xAttr
17638,xNeed,xReact
17639,xIntent,xIntent
17640,xIntent,xReact
17641,xAttr,oReact
17642,oEffect,xEffect
17643,xAttr,xReact
17644,oReact,xEffect
17645,xIntent,oEffect
17646,xIntent,xReact
17647,xIntent,xNeed
17648,xIntent,oWant
17649,xWant,oWant
17650,xAttr,xReact
17651,xIntent,xNeed
17652,xEffect,oReact
17653,xAttr,xReact
17654,xIntent,xIntent
17655,xEffect,xReact
17656,xEffect,xNeed
17657,xAttr,xAttr
17658,xAttr,xAttr
17659,NA,xIntent
17660,xEffect,xNeed
17661,xAttr,xReact
17662,xAttr,xAttr
17663,xAttr,xAttr
17664,xIntent,xIntent
17665,xIntent,xWant
17666,xAttr,xAttr
17667,xReact,oEffect
17668,xEffect,xReact
17669,xWant,xIntent
17670,oEffect,xReact
17671,xIntent,xNeed
17672,xAttr,xAttr
17673,xReact,oEffect
17674,xNeed,xNeed
17675,xIntent,xIntent
17676,xIntent,xWant
17677,oReact,xEffect
17678,xIntent,oReact
17679,xAttr,xAttr
17680,xEffect,xAttr
17681,xAttr,xAttr
17682,oEffect,oReact
17683,xIntent,xIntent
17684,xNeed,xEffect
17685,xIntent,oWant
17686,oReact,xEffect
17687,xIntent,xNeed
17688,xIntent,oWant
17689,xIntent,oEffect
17690,xIntent,xIntent
17691,xIntent,xEffect
17692,xIntent,oWant
17693,xAttr,xReact
17694,xEffect,xNeed
17695,oEffect,xNeed
17696,oEffect,xEffect
17697,oEffect,xReact
17698,oEffect,xEffect
17699,xIntent,oWant
17700,xWant,xAttr
17701,xAttr,xReact
17702,xNeed,xAttr
17703,xIntent,xIntent
17704,xIntent,xWant
17705,xIntent,xIntent
17706,xIntent,xReact
17707,xAttr,xAttr
17708,xIntent,xWant
17709,xIntent,xWant
17710,oEffect,oEffect
17711,xIntent,xIntent
17712,xEffect,xAttr
17713,xIntent,xWant
17714,xIntent,xWant
17715,xAttr,xAttr
17716,oEffect,xEffect
17717,xAttr,xAttr
17718,xNeed,xWant
17719,xWant,oEffect
17720,xIntent,xIntent
17721,oReact,xIntent
17722,xAttr,xAttr
17723,xIntent,xAttr
17724,xWant,xWant
17725,xNeed,xReact
17726,xAttr,xReact
17727,oReact,xIntent
17728,xIntent,xWant
17729,xIntent,xIntent
17730,oReact,oReact
17731,xAttr,xReact
17732,xAttr,xAttr
17733,xEffect,xAttr
17734,NA,xAttr
17735,xAttr,xReact
17736,xAttr,xEffect
17737,xWant,oReact
17738,xWant,xIntent
17739,xIntent,xAttr
17740,xAttr,xAttr
17741,xAttr,xAttr
17742,xWant,xAttr
17743,xIntent,oWant
17744,xWant,oWant
17745,xIntent,oWant
17746,xEffect,xEffect
17747,xIntent,xReact
17748,NA,xWant
17749,xIntent,oWant
17750,xAttr,oEffect
17751,xNeed,xNeed
17752,xNeed,oWant
17753,xIntent,xWant
17754,xAttr,xReact
17755,xIntent,xIntent
17756,xIntent,xAttr
17757,xIntent,oWant
17758,xIntent,xWant
17759,xIntent,xWant
17760,xWant,xWant
17761,xIntent,xIntent
17762,xNeed,xWant
17763,xIntent,xIntent
17764,xIntent,xWant
17765,xNeed,xNeed
17766,xIntent,xReact
17767,xNeed,oReact
17768,xIntent,xNeed
17769,xEffect,xReact
17770,xReact,oWant
17771,xAttr,oReact
17772,oReact,xEffect
17773,xIntent,xIntent
17774,xIntent,xIntent
17775,NA,xIntent
17776,xAttr,xAttr
17777,NA,xIntent
17778,xIntent,xIntent
17779,xIntent,xWant
17780,xIntent,xNeed
17781,xIntent,xIntent
17782,xAttr,xIntent
17783,oEffect,xReact
17784,xIntent,oWant
17785,NA,xWant
17786,xWant,xReact
17787,xIntent,oWant
17788,xIntent,xNeed
17789,xAttr,xAttr
17790,oReact,oWant
17791,oReact,xIntent
17792,xEffect,xEffect
17793,xAttr,xAttr
17794,xIntent,xWant
17795,xIntent,xWant
17796,xIntent,xIntent
17797,xAttr,xAttr
17798,xIntent,xWant
17799,xIntent,xAttr
17800,xAttr,xAttr
17801,xNeed,xNeed
17802,xWant,oReact
17803,xEffect,oEffect
17804,xAttr,xReact
17805,xAttr,oReact
17806,xIntent,xNeed
17807,xWant,xWant
17808,xIntent,xNeed
17809,xIntent,xEffect
17810,xAttr,xNeed
17811,xIntent,xAttr
17812,xIntent,xIntent
17813,xEffect,oWant
17814,xAttr,xEffect
17815,xIntent,xWant
17816,oEffect,xEffect
17817,xWant,xEffect
17818,xIntent,xWant
17819,xIntent,xWant
17820,xIntent,xIntent
17821,xAttr,xAttr
17822,xAttr,oReact
17823,xIntent,xNeed
17824,xEffect,xReact
17825,xIntent,xAttr
17826,oEffect,xReact
17827,oEffect,oEffect
17828,xNeed,oWant
17829,xAttr,xAttr
17830,oEffect,xEffect
17831,xAttr,xAttr
17832,xNeed,xNeed
17833,xWant,oReact
17834,xAttr,oReact
17835,xWant,xReact
17836,xIntent,xWant
17837,xIntent,xIntent
17838,xIntent,xWant
17839,xIntent,xIntent
17840,xIntent,xNeed
17841,xIntent,xWant
17842,xIntent,xWant
17843,xAttr,xAttr
17844,xWant,oWant
17845,xReact,xEffect
17846,xAttr,xIntent
17847,xEffect,xReact
17848,xIntent,xNeed
17849,xWant,xWant
17850,xNeed,xReact
17851,xAttr,xAttr
17852,xIntent,xEffect
17853,xAttr,xAttr
17854,xIntent,xEffect
17855,xAttr,xIntent
17856,oReact,oEffect
17857,xNeed,xReact
17858,oEffect,oEffect
17859,xAttr,xAttr
17860,xReact,xEffect
17861,xAttr,xAttr
17862,xAttr,xAttr
17863,xIntent,xWant
17864,xReact,oReact
17865,oEffect,xIntent
17866,xIntent,xNeed
17867,oWant,xIntent
17868,xIntent,xWant
17869,xIntent,xIntent
17870,xAttr,oWant
17871,xIntent,xIntent
17872,xIntent,xIntent
17873,xNeed,xEffect
17874,xIntent,xIntent
17875,xIntent,xNeed
17876,oEffect,oReact
17877,xIntent,xIntent
17878,xIntent,xIntent
17879,oWant,xIntent
17880,oEffect,oReact
17881,oReact,xEffect
17882,xAttr,xReact
17883,xIntent,xWant
17884,xAttr,xReact
17885,oEffect,xIntent
17886,xIntent,xEffect
17887,xAttr,xWant
17888,oEffect,oEffect
17889,xIntent,xWant
17890,xWant,xEffect
17891,xAttr,xEffect
17892,xWant,xWant
17893,xAttr,oReact
17894,xAttr,xAttr
17895,xAttr,oReact
17896,xWant,oWant
17897,xAttr,xReact
17898,xIntent,xWant
17899,xIntent,xEffect
17900,xAttr,xAttr
17901,xReact,xReact
17902,xIntent,xAttr
17903,xIntent,xWant
17904,xAttr,xEffect
17905,xIntent,oWant
17906,xIntent,xNeed
17907,xNeed,xWant
17908,xIntent,oWant
17909,xIntent,xIntent
17910,xIntent,xIntent
17911,oWant,xReact
17912,xEffect,xNeed
17913,xAttr,xReact
17914,oWant,xIntent
17915,oEffect,xEffect
17916,xAttr,xReact
17917,xWant,xNeed
17918,xIntent,xAttr
17919,xAttr,xAttr
17920,xNeed,xReact
17921,xWant,oWant
17922,xIntent,oWant
17923,xAttr,xAttr
17924,xAttr,xAttr
17925,xNeed,xNeed
17926,xWant,xIntent
17927,xNeed,xNeed
17928,xIntent,xReact
17929,xIntent,xWant
17930,xIntent,xNeed
17931,xEffect,oReact
17932,oEffect,xIntent
17933,xIntent,xReact
17934,xIntent,xWant
17935,xReact,xEffect
17936,xIntent,xIntent
17937,xWant,xNeed
17938,xReact,oEffect
17939,xEffect,xEffect
17940,xIntent,oReact
17941,oReact,xReact
17942,xIntent,xWant
17943,xIntent,xWant
17944,oReact,xReact
17945,xIntent,xNeed
17946,xAttr,xReact
17947,xAttr,xReact
17948,xIntent,xNeed
17949,xEffect,xAttr
17950,xAttr,xNeed
17951,xIntent,xNeed
17952,xIntent,xIntent
17953,xIntent,xReact
17954,oEffect,xReact
17955,xIntent,xIntent
17956,xIntent,xEffect
17957,xReact,oReact
17958,xAttr,xAttr
17959,xIntent,xReact
17960,oEffect,oReact
17961,xEffect,xIntent
17962,xNeed,xIntent
17963,xNeed,xNeed
17964,xAttr,xAttr
17965,xWant,xNeed
17966,xIntent,oReact
17967,oEffect,oReact
17968,oReact,oWant
17969,xEffect,oReact
17970,xNeed,xReact
17971,xWant,xNeed
17972,xIntent,oWant
17973,xNeed,xEffect
17974,xWant,xWant
17975,xAttr,xAttr
17976,oReact,xNeed
17977,oWant,xIntent
17978,xIntent,xWant
17979,oEffect,oReact
17980,xEffect,xNeed
17981,oReact,xEffect
17982,xIntent,xReact
17983,xIntent,xWant
17984,xAttr,xAttr
17985,xIntent,xNeed
17986,xEffect,oEffect
17987,xIntent,xWant
17988,xIntent,xEffect
17989,xIntent,xNeed
17990,xReact,xIntent
17991,xAttr,xAttr
17992,NA,xNeed
17993,xNeed,xIntent
17994,xEffect,xAttr
17995,xReact,xNeed
17996,xAttr,oReact
17997,oEffect,oWant
17998,xIntent,xReact
17999,xIntent,xWant
18000,xAttr,xAttr
18001,oEffect,oEffect
18002,xIntent,oWant
18003,xNeed,oWant
18004,xIntent,xAttr
18005,xIntent,xEffect
18006,xIntent,xIntent
18007,xAttr,xAttr
18008,xIntent,xReact
18009,xEffect,xAttr
18010,xAttr,xReact
18011,xAttr,xAttr
18012,xIntent,xIntent
18013,xNeed,xIntent
18014,xIntent,xWant
18015,xNeed,xWant
18016,xIntent,xWant
18017,xEffect,oReact
18018,xReact,xEffect
18019,xIntent,xAttr
18020,xIntent,oWant
18021,xAttr,xReact
18022,xIntent,xWant
18023,xIntent,xNeed
18024,xIntent,xIntent
18025,xWant,xReact
18026,xAttr,xAttr
18027,xWant,xAttr
18028,xIntent,oWant
18029,xWant,xReact
18030,xEffect,xEffect
18031,xAttr,xReact
18032,xNeed,xEffect
18033,xIntent,xEffect
18034,xAttr,oReact
18035,xAttr,xEffect
18036,xAttr,xAttr
18037,xAttr,xReact
18038,xIntent,xEffect
18039,xAttr,xAttr
18040,oWant,xNeed
18041,xIntent,xAttr
18042,xEffect,xEffect
18043,xEffect,oEffect
18044,xIntent,xReact
18045,xIntent,oEffect
18046,xEffect,xReact
18047,xIntent,xEffect
18048,xIntent,xNeed
18049,xAttr,xAttr
18050,oWant,xAttr
18051,xIntent,xWant
18052,xIntent,oEffect
18053,xIntent,xNeed
18054,xAttr,xEffect
18055,xIntent,xReact
18056,xIntent,xIntent
18057,xIntent,xIntent
18058,xIntent,xEffect
18059,xAttr,xReact
18060,xReact,xReact
18061,xIntent,xWant
18062,xIntent,xNeed
18063,xIntent,xWant
18064,NA,xIntent
18065,xAttr,xAttr
18066,xIntent,oWant
18067,xAttr,xReact
18068,xIntent,xIntent
18069,xIntent,xNeed
18070,xAttr,xAttr
18071,xIntent,oEffect
18072,xIntent,oWant
18073,oReact,oEffect
18074,xAttr,xAttr
18075,xIntent,xAttr
18076,xWant,xWant
18077,xNeed,xWant
18078,xIntent,xReact
18079,xIntent,oWant
18080,xAttr,xAttr
18081,xIntent,xEffect
18082,xIntent,xWant
18083,xReact,xReact
18084,xReact,xEffect
18085,xAttr,xAttr
18086,xIntent,xNeed
18087,xIntent,xNeed
18088,xAttr,xAttr
18089,xNeed,xNeed
18090,xIntent,xWant
18091,xAttr,xAttr
18092,xEffect,xEffect
18093,xWant,xAttr
18094,xWant,oEffect
18095,xIntent,xWant
18096,xAttr,xAttr
18097,xIntent,xWant
18098,xAttr,xAttr
18099,xIntent,xIntent
18100,xAttr,xAttr
18101,xAttr,xEffect
18102,xIntent,xWant
18103,xIntent,xIntent
18104,xIntent,xNeed
18105,xAttr,xAttr
18106,xNeed,xReact
18107,xEffect,xEffect
18108,oEffect,oEffect
18109,xAttr,xAttr
18110,xAttr,xAttr
18111,xAttr,xEffect
18112,xEffect,xReact
18113,xIntent,xWant
18114,xIntent,xIntent
18115,xAttr,xReact
18116,xAttr,xNeed
18117,xAttr,xNeed
18118,oEffect,xEffect
18119,oEffect,xEffect
18120,oReact,xNeed
18121,xNeed,xEffect
18122,oReact,xEffect
18123,xIntent,xIntent
18124,xIntent,xIntent
18125,xIntent,xIntent
18126,xNeed,oEffect
18127,xIntent,xNeed
18128,oEffect,xEffect
18129,xIntent,xWant
18130,xAttr,xAttr
18131,xIntent,xWant
18132,xWant,xIntent
18133,xWant,xIntent
18134,xAttr,oReact
18135,xWant,xIntent
18136,xAttr,xAttr
18137,xIntent,xAttr
18138,xAttr,xWant
18139,xIntent,xNeed
18140,xIntent,xWant
18141,oReact,oReact
18142,xAttr,xWant
18143,xIntent,xWant
18144,xIntent,xWant
18145,xIntent,oWant
18146,xIntent,xWant
18147,oEffect,oEffect
18148,xNeed,xWant
18149,xIntent,oEffect
18150,xAttr,xAttr
18151,xWant,oWant
18152,xIntent,xIntent
18153,xReact,xReact
18154,oEffect,xIntent
18155,xIntent,xEffect
18156,oEffect,xReact
18157,xIntent,xNeed
18158,NA,xAttr
18159,xIntent,xIntent
18160,xIntent,xReact
18161,xEffect,xReact
18162,xNeed,xNeed
18163,oReact,oWant
18164,oEffect,xReact
18165,oReact,xEffect
18166,xAttr,xAttr
18167,xAttr,xAttr
18168,oReact,oReact
18169,xIntent,xNeed
18170,xReact,xEffect
18171,xAttr,xAttr
18172,xWant,xEffect
18173,xNeed,xWant
18174,xAttr,xReact
18175,oEffect,xAttr
18176,xEffect,xEffect
18177,xIntent,xNeed
18178,oEffect,xAttr
18179,xEffect,xIntent
18180,xIntent,oWant
18181,xIntent,xIntent
18182,xIntent,xNeed
18183,xNeed,xIntent
18184,xAttr,xAttr
18185,xAttr,xAttr
18186,xAttr,xReact
18187,xReact,oWant
18188,oEffect,xEffect
18189,xAttr,xAttr
18190,xAttr,xAttr
18191,xReact,xReact
18192,xReact,xReact
18193,xIntent,xWant
18194,oWant,oReact
18195,oEffect,xReact
18196,oEffect,xWant
18197,xAttr,xAttr
18198,xIntent,xNeed
18199,xEffect,xReact
18200,xAttr,xEffect
18201,oEffect,xReact
18202,xReact,xAttr
18203,xReact,xAttr
18204,xAttr,oReact
18205,oEffect,oEffect
18206,xWant,xEffect
18207,xIntent,xIntent
18208,xAttr,xAttr
18209,NA,xNeed
18210,xIntent,xWant
18211,oWant,oReact
18212,xIntent,xReact
18213,xIntent,xAttr
18214,oEffect,xEffect
18215,xEffect,xEffect
18216,xAttr,xAttr
18217,xIntent,xEffect
18218,xAttr,xAttr
18219,xIntent,xNeed
18220,xWant,xEffect
18221,xAttr,xReact
18222,oEffect,xEffect
18223,xIntent,xWant
18224,xEffect,xReact
18225,xWant,oWant
18226,xIntent,xWant
18227,xAttr,xAttr
18228,xIntent,xReact
18229,oReact,oWant
18230,xAttr,xEffect
18231,xIntent,xWant
18232,xAttr,xAttr
18233,xIntent,xEffect
18234,oReact,xWant
18235,xAttr,xAttr
18236,xAttr,xAttr
18237,xNeed,xWant
18238,xEffect,xEffect
18239,xAttr,xAttr
18240,xWant,xNeed
18241,xIntent,xWant
18242,xEffect,xReact
18243,xAttr,xReact
18244,xIntent,oEffect
18245,oEffect,oWant
18246,xIntent,oWant
18247,xIntent,oEffect
18248,xReact,xReact
18249,xIntent,oWant
18250,xNeed,xIntent
18251,xAttr,xReact
18252,xIntent,xIntent
18253,xWant,oWant
18254,xReact,oReact
18255,xIntent,xReact
18256,xAttr,xReact
18257,xAttr,xReact
18258,xIntent,xAttr
18259,xWant,xNeed
18260,xEffect,xEffect
18261,xEffect,xEffect
18262,xIntent,xWant
18263,xNeed,xIntent
18264,xEffect,xReact
18265,xAttr,xAttr
18266,xNeed,xWant
18267,oEffect,oReact
18268,xEffect,xReact
18269,xAttr,xReact
18270,xIntent,xWant
18271,xWant,xWant
18272,xIntent,xNeed
18273,xAttr,oReact
18274,xWant,xWant
18275,xAttr,xAttr
18276,xNeed,xEffect
18277,xAttr,xAttr
18278,xIntent,oWant
18279,xAttr,xAttr
18280,xIntent,xIntent
18281,xIntent,xEffect
18282,xReact,xEffect
18283,xWant,xIntent
18284,xEffect,xReact
18285,xIntent,xIntent
18286,xReact,xEffect
18287,xNeed,xEffect
18288,oEffect,xWant
18289,xIntent,xWant
18290,xIntent,xWant
18291,xIntent,xWant
18292,xIntent,xWant
18293,xIntent,xAttr
18294,xIntent,xWant
18295,xEffect,xEffect
18296,xNeed,xReact
18297,xAttr,oEffect
18298,xNeed,xNeed
18299,xIntent,oWant
18300,xEffect,xEffect
18301,xAttr,xAttr
18302,xWant,xReact
18303,xNeed,xNeed
18304,xAttr,xAttr
18305,xIntent,xWant
18306,xReact,oReact
18307,xAttr,xAttr
18308,xIntent,xNeed
18309,xAttr,xAttr
18310,xIntent,xWant
18311,xIntent,oWant
18312,oEffect,xReact
18313,xIntent,xNeed
18314,xAttr,xReact
18315,xIntent,xIntent
18316,xIntent,xIntent
18317,xAttr,xAttr
18318,oEffect,xEffect
18319,oReact,xReact
18320,xIntent,xIntent
18321,xIntent,xIntent
18322,xAttr,xEffect
18323,xAttr,xReact
18324,xIntent,xWant
18325,xWant,oReact
18326,xIntent,xIntent
18327,xIntent,xAttr
18328,oWant,oWant
18329,xNeed,xAttr
18330,oReact,xReact
18331,xIntent,xAttr
18332,xAttr,xAttr
18333,oReact,oReact
18334,xAttr,xReact
18335,oReact,xEffect
18336,xEffect,xReact
18337,oReact,xAttr
18338,xEffect,xEffect
18339,xIntent,xNeed
18340,xAttr,xAttr
18341,oWant,xWant
18342,xEffect,xReact
18343,xAttr,xAttr
18344,xWant,oEffect
18345,xAttr,xAttr
18346,oReact,xNeed
18347,xAttr,xAttr
18348,xIntent,xNeed
18349,xAttr,xAttr
18350,xIntent,xWant
18351,xIntent,xIntent
18352,xReact,oReact
18353,xReact,oWant
18354,xNeed,xAttr
18355,xIntent,xWant
18356,xAttr,xAttr
18357,xIntent,xWant
18358,xIntent,xWant
18359,oEffect,xEffect
18360,oReact,xEffect
18361,xIntent,oEffect
18362,xAttr,xReact
18363,xIntent,xIntent
18364,xWant,xEffect
18365,oEffect,oReact
18366,xIntent,xAttr
18367,xAttr,xAttr
18368,xAttr,xAttr
18369,xAttr,xReact
18370,xIntent,xEffect
18371,xAttr,xAttr
18372,xIntent,xReact
18373,xIntent,oWant
18374,xNeed,xAttr
18375,xWant,xIntent
18376,xNeed,xAttr
18377,xIntent,xReact
18378,xEffect,xAttr
18379,xAttr,xAttr
18380,xWant,oWant
18381,xAttr,xIntent
18382,xAttr,xReact
18383,xIntent,xWant
18384,oEffect,xEffect
18385,xAttr,xReact
18386,xEffect,xReact
18387,xIntent,xNeed
18388,xAttr,oEffect
18389,xAttr,xAttr
18390,xIntent,xWant
18391,xIntent,xNeed
18392,oEffect,oEffect
18393,oEffect,xReact
18394,xWant,xReact
18395,oReact,oWant
18396,NA,xWant
18397,xIntent,xNeed
18398,xReact,xAttr
18399,xAttr,oReact
18400,oEffect,xReact
18401,xIntent,xIntent
18402,xWant,xReact
18403,xIntent,xEffect
18404,xIntent,xIntent
18405,xAttr,xEffect
18406,xReact,xEffect
18407,xIntent,xWant
18408,oReact,oReact
18409,xEffect,xEffect
18410,xAttr,xAttr
18411,xAttr,xReact
18412,xIntent,xNeed
18413,oEffect,xEffect
18414,xAttr,xReact
18415,xIntent,xWant
18416,xIntent,xNeed
18417,xEffect,xEffect
18418,xIntent,xWant
18419,xAttr,xReact
18420,xIntent,xWant
18421,oReact,oReact
18422,xAttr,xAttr
18423,xIntent,xEffect
18424,xAttr,oReact
18425,xAttr,xReact
18426,xNeed,xWant
18427,xIntent,xNeed
18428,xEffect,xReact
18429,xEffect,xEffect
18430,xIntent,xNeed
18431,xIntent,oWant
18432,xIntent,xNeed
18433,xIntent,xWant
18434,xEffect,xAttr
18435,oReact,oReact
18436,xAttr,oWant
18437,xEffect,xIntent
18438,xIntent,xIntent
18439,xAttr,oEffect
18440,xAttr,xReact
18441,xIntent,xIntent
18442,xAttr,xAttr
18443,xAttr,xReact
18444,xNeed,xIntent
18445,xAttr,xAttr
18446,xReact,oEffect
18447,xIntent,xIntent
18448,oEffect,xEffect
18449,xNeed,xNeed
18450,xAttr,xAttr
18451,xAttr,oEffect
18452,xEffect,oEffect
18453,xAttr,oReact
18454,xNeed,xNeed
18455,xAttr,xAttr
18456,xIntent,xWant
18457,xIntent,xEffect
18458,xIntent,xReact
18459,xIntent,oWant
18460,xAttr,xNeed
18461,xAttr,xWant
18462,xAttr,xAttr
18463,xAttr,xAttr
18464,xIntent,xWant
18465,oReact,xWant
18466,oEffect,oEffect
18467,xAttr,xAttr
18468,xAttr,xIntent
18469,xNeed,xNeed
18470,xIntent,xNeed
18471,xAttr,oReact
18472,xIntent,xWant
18473,xEffect,oEffect
18474,xIntent,xEffect
18475,xWant,oReact
18476,xAttr,xAttr
18477,xWant,xNeed
18478,xIntent,xWant
18479,oWant,xWant
18480,xAttr,xReact
18481,xAttr,xAttr
18482,xAttr,xAttr
18483,xIntent,xIntent
18484,xEffect,oReact
18485,xIntent,xWant
18486,xAttr,xReact
18487,oEffect,oEffect
18488,xIntent,xIntent
18489,xAttr,xAttr
18490,xReact,xReact
18491,xWant,xEffect
18492,oReact,xAttr
18493,xReact,xEffect
18494,xReact,xAttr
18495,xEffect,oEffect
18496,xNeed,xNeed
18497,xIntent,xNeed
18498,oWant,oEffect
18499,xAttr,xAttr
18500,oEffect,xEffect
18501,oEffect,xEffect
18502,xReact,oEffect
18503,xWant,xWant
18504,xWant,xWant
18505,oReact,xAttr
18506,xAttr,xNeed
18507,xIntent,xIntent
18508,xWant,oWant
18509,oWant,oWant
18510,xNeed,xNeed
18511,xNeed,xWant
18512,xReact,xEffect
18513,xIntent,xNeed
18514,xIntent,xNeed
18515,xIntent,xWant
18516,xAttr,xAttr
18517,xIntent,oWant
18518,xReact,xEffect
18519,xEffect,xReact
18520,xEffect,oEffect
18521,xIntent,xIntent
18522,xAttr,xReact
18523,oEffect,xReact
18524,NA,oWant
18525,xAttr,xReact
18526,xEffect,xEffect
18527,xAttr,xAttr
18528,xAttr,xReact
18529,xEffect,xEffect
18530,xAttr,xReact
18531,xAttr,xAttr
18532,xAttr,xReact
18533,xIntent,xWant
18534,xNeed,xIntent
18535,xNeed,xNeed
18536,xIntent,xWant
18537,xEffect,xEffect
18538,oEffect,oReact
18539,xIntent,xAttr
18540,oReact,oWant
18541,xIntent,xNeed
18542,xAttr,xAttr
18543,xNeed,xWant
18544,xAttr,xReact
18545,xAttr,xReact
18546,xReact,oWant
18547,oEffect,xReact
18548,xAttr,xAttr
18549,xWant,xAttr
18550,xAttr,xReact
18551,xIntent,xIntent
18552,xAttr,xAttr
18553,xAttr,xReact
18554,xIntent,xReact
18555,xAttr,xNeed
18556,xIntent,xNeed
18557,xEffect,xReact
18558,oWant,oWant
18559,xIntent,xWant
18560,xIntent,xIntent
18561,xIntent,xNeed
18562,xIntent,xReact
18563,xIntent,xWant
18564,oReact,xEffect
18565,xIntent,oWant
18566,xEffect,xNeed
18567,xAttr,xAttr
18568,xIntent,xNeed
18569,xAttr,xAttr
18570,xEffect,xAttr
18571,xAttr,xAttr
18572,xIntent,xNeed
18573,oWant,xWant
18574,xIntent,oWant
18575,xIntent,xIntent
18576,xIntent,xReact
18577,xWant,xReact
18578,xIntent,xWant
18579,xAttr,xAttr
18580,xIntent,xNeed
18581,xIntent,xEffect
18582,oEffect,xReact
18583,xIntent,xIntent
18584,xNeed,xIntent
18585,xIntent,xWant
18586,xAttr,xAttr
18587,xAttr,oReact
18588,oReact,xAttr
18589,xIntent,xWant
18590,xAttr,xAttr
18591,xAttr,oReact
18592,xReact,xEffect
18593,oEffect,xEffect
18594,xIntent,oEffect
18595,xWant,oWant
18596,xEffect,xReact
18597,xIntent,xWant
18598,xEffect,xNeed
18599,xAttr,xAttr
18600,xEffect,xWant
18601,xIntent,xEffect
18602,xAttr,xReact
18603,xIntent,xNeed
18604,xAttr,xAttr
18605,xWant,xReact
18606,xReact,oReact
18607,xIntent,xWant
18608,xIntent,oWant
18609,xAttr,xAttr
18610,xAttr,xAttr
18611,xWant,xWant
18612,oEffect,xReact
18613,xIntent,xAttr
18614,xIntent,xNeed
18615,xIntent,xWant
18616,xAttr,xReact
18617,oEffect,xReact
18618,NA,xIntent
18619,xWant,oReact
18620,xReact,xReact
18621,xIntent,xWant
18622,xAttr,xAttr
18623,xIntent,xIntent
18624,xIntent,xWant
18625,xIntent,xWant
18626,xIntent,oWant
18627,xAttr,oReact
18628,xAttr,oReact
18629,xReact,xEffect
18630,oEffect,xReact
18631,oReact,xReact
18632,xAttr,xAttr
18633,oEffect,oEffect
18634,xReact,xEffect
18635,xIntent,xNeed
18636,NA,xIntent
18637,xEffect,xWant
18638,xWant,xWant
18639,xIntent,xWant
18640,xAttr,xAttr
18641,xEffect,xEffect
18642,NA,xIntent
18643,xWant,oEffect
18644,xIntent,oReact
18645,xIntent,xNeed
18646,xIntent,xEffect
18647,oEffect,xEffect
18648,xAttr,xReact
18649,xIntent,xIntent
18650,xIntent,oWant
18651,xIntent,xWant
18652,xAttr,xAttr
18653,xIntent,xNeed
18654,xNeed,xReact
18655,xIntent,xEffect
18656,oEffect,oWant
18657,xAttr,oReact
18658,oEffect,oReact
18659,xNeed,xAttr
18660,xIntent,xWant
18661,xIntent,xNeed
18662,xIntent,xWant
18663,xEffect,oEffect
18664,oEffect,oReact
18665,oReact,xIntent
18666,xAttr,xAttr
18667,xIntent,xWant
18668,xWant,oWant
18669,xAttr,xWant
18670,xWant,xAttr
18671,xIntent,xNeed
18672,xAttr,xAttr
18673,oEffect,xEffect
18674,oWant,oWant
18675,xIntent,xIntent
18676,oReact,xWant
18677,xAttr,xAttr
18678,xIntent,xNeed
18679,xEffect,xWant
18680,xIntent,xIntent
18681,xNeed,xWant
18682,xIntent,xWant
18683,xIntent,xWant
18684,xWant,xWant
18685,xAttr,xAttr
18686,xIntent,oWant
18687,xAttr,xAttr
18688,xAttr,xAttr
18689,xAttr,xAttr
18690,oWant,xReact
18691,xEffect,oEffect
18692,xAttr,xAttr
18693,xAttr,xAttr
18694,xIntent,xIntent
18695,xEffect,xReact
18696,xIntent,xIntent
18697,xAttr,xAttr
18698,xAttr,xAttr
18699,xIntent,xReact
18700,xAttr,xReact
18701,xIntent,xAttr
18702,xIntent,xNeed
18703,xIntent,xIntent
18704,xIntent,oWant
18705,xIntent,xWant
18706,oEffect,xEffect
18707,xAttr,xAttr
18708,xIntent,xIntent
18709,xWant,xWant
18710,xIntent,xAttr
18711,xIntent,xWant
18712,xIntent,xWant
18713,xWant,xNeed
18714,xWant,xAttr
18715,xIntent,xIntent
18716,xNeed,xReact
18717,xIntent,xWant
18718,xIntent,xNeed
18719,xIntent,xNeed
18720,xWant,xWant
18721,xIntent,xNeed
18722,xWant,oReact
18723,xIntent,xIntent
18724,xAttr,xAttr
18725,xWant,oReact
18726,xIntent,xReact
18727,xAttr,xAttr
18728,xIntent,xWant
18729,xEffect,xReact
18730,xIntent,xWant
18731,xWant,xNeed
18732,xAttr,xReact
18733,xWant,xWant
18734,xAttr,xEffect
18735,xIntent,xNeed
18736,xNeed,xEffect
18737,xIntent,xNeed
18738,xReact,xAttr
18739,xAttr,xAttr
18740,xNeed,xIntent
18741,xEffect,xEffect
18742,xWant,xReact
18743,xReact,xReact
18744,xReact,xEffect
18745,xAttr,xReact
18746,xIntent,xIntent
18747,xIntent,xReact
18748,xIntent,xIntent
18749,xIntent,xWant
18750,xIntent,xWant
18751,oEffect,xIntent
18752,xIntent,xWant
18753,xAttr,xAttr
18754,xReact,oEffect
18755,xIntent,xIntent
18756,xAttr,xWant
18757,xIntent,oWant
18758,oReact,xReact
18759,xIntent,xNeed
18760,xIntent,xWant
18761,oEffect,oReact
18762,oReact,xEffect
18763,oReact,xEffect
18764,xWant,xNeed
18765,xAttr,xNeed
18766,oEffect,xEffect
18767,xEffect,xReact
18768,xAttr,xEffect
18769,xAttr,xAttr
18770,xIntent,xNeed
18771,xIntent,xWant
18772,oWant,xWant
18773,xIntent,xIntent
18774,xAttr,xIntent
18775,xWant,xWant
18776,xEffect,xReact
18777,xIntent,xWant
18778,NA,xIntent
18779,oEffect,xAttr
18780,xIntent,xIntent
18781,xIntent,xIntent
18782,xAttr,xAttr
18783,xEffect,xReact
18784,xIntent,oWant
18785,xIntent,xNeed
18786,xNeed,oReact
18787,xIntent,xIntent
18788,xIntent,xWant
18789,xIntent,xIntent
18790,xAttr,xAttr
18791,oEffect,oEffect
18792,xWant,xWant
18793,xWant,xReact
18794,xAttr,xReact
18795,xIntent,xIntent
18796,oEffect,xNeed
18797,oReact,xAttr
18798,xEffect,xAttr
18799,oEffect,xIntent
18800,NA,xIntent
18801,xAttr,oReact
18802,xAttr,xAttr
18803,xIntent,xIntent
18804,oWant,xWant
18805,xAttr,xAttr
18806,xAttr,xIntent
18807,xReact,xReact
18808,xIntent,xNeed
18809,xIntent,xIntent
18810,xEffect,oReact
18811,xWant,xReact
18812,xIntent,xWant
18813,xAttr,xAttr
18814,xAttr,xAttr
18815,xAttr,xAttr
18816,xWant,xWant
18817,xAttr,xWant
18818,xAttr,oEffect
18819,oWant,xNeed
18820,xIntent,xNeed
18821,xAttr,xReact
18822,xAttr,xWant
18823,xReact,xWant
18824,xIntent,oWant
18825,xIntent,xIntent
18826,xReact,oEffect
18827,xIntent,xAttr
18828,xEffect,xAttr
18829,xWant,oWant
18830,xIntent,xWant
18831,xReact,xEffect
18832,xWant,xNeed
18833,xReact,xAttr
18834,xIntent,xWant
18835,xIntent,xIntent
18836,xAttr,xAttr
18837,xAttr,oReact
18838,xIntent,xWant
18839,xNeed,xNeed
18840,xIntent,xIntent
18841,xIntent,xIntent
18842,xAttr,xAttr
18843,xIntent,xWant
18844,oReact,xReact
18845,oReact,xWant
18846,xAttr,xAttr
18847,xNeed,xWant
18848,xAttr,xAttr
18849,xIntent,oWant
18850,xIntent,xWant
18851,oReact,oWant
18852,xWant,xWant
18853,oWant,oReact
18854,xAttr,xWant
18855,xAttr,xAttr
18856,xAttr,xAttr
18857,xAttr,xAttr
18858,xReact,oEffect
18859,xWant,xWant
18860,xAttr,xAttr
18861,xIntent,xIntent
18862,xNeed,xNeed
18863,xReact,xReact
18864,xIntent,xNeed
18865,oEffect,oReact
18866,xAttr,xReact
18867,xIntent,xNeed
18868,xAttr,xAttr
18869,xAttr,xReact
18870,xAttr,xWant
18871,xAttr,xAttr
18872,oEffect,xEffect
18873,xIntent,xWant
18874,xAttr,xEffect
18875,xEffect,xWant
18876,xAttr,xReact
18877,xIntent,xReact
18878,xAttr,xEffect
18879,xEffect,oEffect
18880,xIntent,xIntent
18881,xWant,xWant
18882,oReact,oEffect
18883,oEffect,oReact
18884,xIntent,xIntent
18885,xWant,xNeed
18886,xWant,oWant
18887,oReact,oWant
18888,xNeed,xReact
18889,oEffect,xReact
18890,xAttr,xAttr
18891,xIntent,oWant
18892,xAttr,xNeed
18893,xIntent,oWant
18894,xAttr,xAttr
18895,xWant,xEffect
18896,xAttr,xReact
18897,oReact,oEffect
18898,oEffect,oReact
18899,oWant,oWant
18900,oWant,oWant
18901,xWant,oWant
18902,xAttr,xReact
18903,oReact,oEffect
18904,xIntent,xWant
18905,xIntent,xReact
18906,xEffect,oEffect
18907,xWant,xNeed
18908,xWant,xEffect
18909,xIntent,xWant
18910,xAttr,xAttr
18911,xAttr,oWant
18912,xIntent,xEffect
18913,xWant,xNeed
18914,oReact,oEffect
18915,xIntent,xIntent
18916,xIntent,oWant
18917,xIntent,xNeed
18918,xIntent,xIntent
18919,NA,xIntent
18920,xAttr,oReact
18921,xWant,xReact
18922,xWant,oWant
18923,xIntent,xReact
18924,xIntent,xWant
18925,xWant,xWant
18926,xWant,xWant
18927,oEffect,xEffect
18928,xWant,xNeed
18929,xAttr,xAttr
18930,xWant,oEffect
18931,xEffect,xWant
18932,oEffect,xEffect
18933,xIntent,xWant
18934,xAttr,xReact
18935,xWant,xEffect
18936,xIntent,xWant
18937,xIntent,xIntent
18938,xAttr,xNeed
18939,xIntent,xWant
18940,xWant,oEffect
18941,xNeed,xWant
18942,oReact,oWant
18943,xIntent,xWant
18944,oEffect,xReact
18945,xReact,xAttr
18946,xIntent,xNeed
18947,xAttr,xAttr
18948,xAttr,oReact
18949,xAttr,xReact
18950,xAttr,xAttr
18951,xAttr,xAttr
18952,xIntent,xIntent
18953,xAttr,oEffect
18954,xReact,xReact
18955,xIntent,xReact
18956,xReact,xAttr
18957,xIntent,xAttr
18958,xReact,xReact
18959,xIntent,xNeed
18960,NA,xReact
18961,xIntent,xIntent
18962,xIntent,xWant
18963,xNeed,xIntent
18964,xIntent,xWant
18965,xIntent,xReact
18966,xEffect,xReact
18967,NA,xReact
18968,xIntent,xNeed
18969,xNeed,xWant
18970,xIntent,xIntent
18971,xIntent,xWant
18972,oEffect,oReact
18973,oEffect,xEffect
18974,xWant,oWant
18975,xIntent,xNeed
18976,oEffect,oReact
18977,oWant,xIntent
18978,xIntent,xWant
18979,xAttr,xAttr
18980,xIntent,xReact
18981,xIntent,oWant
18982,xAttr,xAttr
18983,xIntent,xAttr
18984,xIntent,oWant
18985,xIntent,xWant
18986,xAttr,xIntent
18987,oEffect,xEffect
18988,oWant,oWant
18989,xAttr,xNeed
18990,xIntent,xWant
18991,xAttr,xReact
18992,oReact,xReact
18993,xIntent,xIntent
18994,xAttr,xReact
18995,xAttr,oReact
18996,xAttr,xIntent
18997,xAttr,xAttr
18998,xAttr,oWant
18999,xReact,xAttr
19000,xAttr,xAttr
19001,xAttr,xAttr
19002,xIntent,xNeed
19003,xIntent,xNeed
19004,xAttr,xReact
19005,xWant,xReact
19006,xIntent,xEffect
19007,xIntent,xWant
19008,xWant,xWant
19009,xAttr,xAttr
19010,xIntent,xIntent
19011,xNeed,xAttr
19012,NA,xIntent
19013,xEffect,xIntent
19014,xIntent,xIntent
19015,xNeed,xWant
19016,xIntent,xIntent
19017,xAttr,xAttr
19018,xIntent,oWant
19019,xIntent,xReact
19020,xAttr,xAttr
19021,xAttr,xAttr
19022,xIntent,xWant
19023,xAttr,xAttr
19024,xNeed,xReact
19025,xAttr,xReact
19026,xAttr,xReact
19027,xNeed,xWant
19028,xIntent,xAttr
19029,xEffect,oReact
19030,xAttr,xAttr
19031,xIntent,xIntent
19032,xAttr,xReact
19033,xIntent,xIntent
19034,xIntent,xAttr
19035,xIntent,xIntent
19036,xIntent,xAttr
19037,xAttr,xReact
19038,oEffect,xEffect
19039,xWant,oWant
19040,xReact,oEffect
19041,xAttr,xAttr
19042,xIntent,xIntent
19043,xAttr,xAttr
19044,xReact,xReact
19045,xIntent,xWant
19046,xWant,oReact
19047,oEffect,xWant
19048,xIntent,xIntent
19049,xWant,xReact
19050,xAttr,xAttr
19051,xIntent,xNeed
19052,xIntent,xNeed
19053,oEffect,xIntent
19054,xIntent,xEffect
19055,xIntent,xNeed
19056,xIntent,xIntent
19057,xEffect,xReact
19058,xAttr,oReact
19059,xAttr,xAttr
19060,xAttr,xAttr
19061,xAttr,xReact
19062,xIntent,xEffect
19063,oReact,xEffect
19064,xIntent,xWant
19065,xAttr,xAttr
19066,xNeed,xReact
19067,xReact,xAttr
19068,xWant,oEffect
19069,xEffect,xAttr
19070,xWant,xNeed
19071,xEffect,oReact
19072,xWant,xAttr
19073,oEffect,xEffect
19074,xNeed,xNeed
19075,xIntent,xWant
19076,xIntent,oReact
19077,NA,xIntent
19078,xIntent,oWant
19079,xAttr,xEffect
19080,xAttr,xIntent
19081,xIntent,xEffect
19082,xNeed,xWant
19083,xIntent,xWant
19084,xNeed,xAttr
19085,xAttr,oReact
19086,xEffect,oEffect
19087,oEffect,xReact
19088,xNeed,xWant
19089,xReact,xNeed
19090,xIntent,xNeed
19091,xIntent,xIntent
19092,xNeed,oEffect
19093,xEffect,xEffect
19094,oEffect,xAttr
19095,xIntent,xReact
19096,xEffect,xReact
19097,xNeed,oWant
19098,xIntent,oWant
19099,xWant,xAttr
19100,xNeed,xWant
19101,xIntent,xIntent
19102,xIntent,oWant
19103,oReact,oReact
19104,xEffect,xEffect
19105,xIntent,xNeed
19106,xWant,xEffect
19107,xAttr,xAttr
19108,xIntent,xWant
19109,xIntent,xNeed
19110,xIntent,xWant
19111,oReact,oEffect
19112,xIntent,xWant
19113,xWant,xReact
19114,xIntent,xNeed
19115,xIntent,xEffect
19116,xIntent,xWant
19117,xWant,xWant
19118,xAttr,xAttr
19119,xIntent,xNeed
19120,xIntent,xIntent
19121,NA,xIntent
19122,xEffect,xEffect
19123,oWant,oWant
19124,xAttr,xAttr
19125,xIntent,xIntent
19126,xEffect,xReact
19127,oReact,xReact
19128,xIntent,xWant
19129,xIntent,xIntent
19130,xNeed,xNeed
19131,xReact,oReact
19132,xIntent,xIntent
19133,xIntent,xIntent
19134,oReact,oWant
19135,xAttr,xIntent
19136,xIntent,xWant
19137,xNeed,xReact
19138,xAttr,xReact
19139,xEffect,xAttr
19140,xIntent,oWant
19141,xAttr,xIntent
19142,xIntent,xAttr
19143,xReact,xEffect
19144,xIntent,xNeed
19145,xAttr,xReact
19146,xIntent,xIntent
19147,xIntent,xIntent
19148,xReact,xEffect
19149,oReact,xReact
19150,xIntent,xIntent
19151,xEffect,xEffect
19152,xAttr,xReact
19153,oEffect,xWant
19154,xAttr,oReact
19155,xReact,xEffect
19156,xIntent,oReact
19157,oReact,xAttr
19158,xIntent,oWant
19159,xIntent,xNeed
19160,xNeed,xWant
19161,xIntent,xAttr
19162,oReact,xEffect
19163,xReact,xEffect
19164,xIntent,xEffect
19165,xIntent,xWant
19166,xIntent,xEffect
19167,xWant,oWant
19168,xEffect,xIntent
19169,xIntent,xAttr
19170,xIntent,xIntent
19171,oEffect,xEffect
19172,xWant,xIntent
19173,oEffect,xEffect
19174,xWant,oWant
19175,oWant,xWant
19176,xIntent,xAttr
19177,xIntent,xNeed
19178,xAttr,xAttr
19179,xEffect,xReact
19180,xNeed,oEffect
19181,xAttr,xAttr
19182,xEffect,oReact
19183,xIntent,xIntent
19184,xAttr,xAttr
19185,xIntent,xNeed
19186,oEffect,xEffect
19187,xIntent,xIntent
19188,xReact,xReact
19189,xNeed,xWant
19190,xIntent,xNeed
19191,xReact,xAttr
19192,xNeed,xEffect
19193,xIntent,xWant
19194,xWant,xEffect
19195,xIntent,xNeed
19196,xNeed,xNeed
19197,xIntent,xAttr
19198,xIntent,xReact
19199,oEffect,oReact
19200,xIntent,xNeed
19201,oReact,xReact
19202,oEffect,xEffect
19203,xWant,xWant
19204,oEffect,xReact
19205,xEffect,xAttr
19206,xAttr,xAttr
19207,xAttr,xAttr
19208,xIntent,oReact
19209,xNeed,xEffect
19210,xWant,xReact
19211,xIntent,oWant
19212,xIntent,xWant
19213,oReact,oReact
19214,xAttr,xAttr
19215,xAttr,xAttr
19216,xIntent,xWant
19217,oWant,xEffect
19218,xAttr,xAttr
19219,xIntent,xReact
19220,xAttr,xAttr
19221,xReact,oWant
19222,xIntent,xIntent
19223,xEffect,oReact
19224,xEffect,xEffect
19225,xReact,xReact
19226,oEffect,xWant
19227,xIntent,xIntent
19228,xAttr,xNeed
19229,xIntent,xIntent
19230,xIntent,xWant
19231,xNeed,xReact
19232,xIntent,xEffect
19233,oEffect,xIntent
19234,xAttr,oReact
19235,xIntent,xReact
19236,xIntent,oWant
19237,xReact,oReact
19238,xIntent,oWant
19239,oEffect,oReact
19240,xNeed,xWant
19241,xAttr,xAttr
19242,xIntent,xWant
19243,xIntent,xReact
19244,xWant,xEffect
19245,xAttr,xAttr
19246,xIntent,xIntent
19247,xIntent,oEffect
19248,xIntent,oReact
19249,xIntent,oWant
19250,xIntent,xIntent
19251,xIntent,oWant
19252,oEffect,xIntent
19253,xIntent,xNeed
19254,xIntent,xNeed
19255,xIntent,oWant
19256,xAttr,xAttr
19257,xReact,xAttr
19258,xIntent,xIntent
19259,oEffect,xIntent
19260,xWant,xIntent
19261,xAttr,xEffect
19262,xWant,oReact
19263,oEffect,xEffect
19264,oWant,xWant
19265,xIntent,xWant
19266,xAttr,xAttr
19267,oEffect,xEffect
19268,xIntent,xWant
19269,xEffect,xEffect
19270,xIntent,xWant
19271,xIntent,xWant
19272,NA,xWant
19273,xAttr,xReact
19274,xIntent,xIntent
19275,xEffect,xEffect
19276,xWant,oEffect
19277,xAttr,xIntent
19278,xAttr,xAttr
19279,oWant,xIntent
19280,xIntent,xNeed
19281,oEffect,xEffect
19282,xIntent,xWant
19283,xIntent,xNeed
19284,xAttr,xWant
19285,xWant,xEffect
19286,oReact,xWant
19287,xAttr,xAttr
19288,xReact,xEffect
19289,xIntent,xIntent
19290,xIntent,oWant
19291,xIntent,xIntent
19292,xIntent,oWant
19293,oReact,xAttr
19294,xIntent,xWant
19295,oReact,oReact
19296,xAttr,xEffect
19297,xIntent,xWant
19298,xAttr,xAttr
19299,xIntent,xNeed
19300,oReact,xEffect
19301,oEffect,oEffect
19302,xIntent,xWant
19303,oWant,xNeed
19304,xReact,xIntent
19305,xAttr,xReact
19306,xIntent,xNeed
19307,xIntent,xWant
19308,xIntent,xAttr
19309,xAttr,xNeed
19310,xIntent,xAttr
19311,xEffect,xEffect
19312,xEffect,oReact
19313,xAttr,xAttr
19314,xIntent,xIntent
19315,xAttr,xAttr
19316,oEffect,oReact
19317,xIntent,xWant
19318,xIntent,xIntent
19319,xIntent,xWant
19320,xIntent,xWant
19321,xIntent,xNeed
19322,xNeed,xReact
19323,oReact,oReact
19324,xIntent,xWant
19325,xIntent,oWant
19326,oEffect,xEffect
19327,xIntent,xAttr
19328,xReact,xWant
19329,xIntent,xNeed
19330,xReact,oReact
19331,oEffect,xEffect
19332,xEffect,xReact
19333,xWant,xWant
19334,oReact,oReact
19335,xAttr,xAttr
19336,xAttr,xIntent
19337,xIntent,xNeed
19338,xIntent,xNeed
19339,xAttr,oReact
19340,xAttr,oWant
19341,xIntent,xIntent
19342,xIntent,xReact
19343,xAttr,xReact
19344,xWant,xWant
19345,xEffect,xReact
19346,oReact,xEffect
19347,xEffect,xEffect
19348,xWant,xEffect
19349,xAttr,xAttr
19350,xIntent,xIntent
19351,xAttr,xAttr
19352,oWant,xWant
19353,oReact,xAttr
19354,xIntent,xIntent
19355,xWant,xNeed
19356,xAttr,xEffect
19357,xWant,xReact
19358,oEffect,xReact
19359,xEffect,xNeed
19360,xReact,xEffect
19361,xAttr,oReact
19362,xIntent,xAttr
19363,oEffect,xWant
19364,xEffect,oEffect
19365,xIntent,xAttr
19366,xIntent,oWant
19367,xEffect,xEffect
19368,xIntent,oReact
19369,xNeed,xAttr
19370,xAttr,xAttr
19371,xIntent,xNeed
19372,xAttr,xAttr
19373,xIntent,xReact
19374,oEffect,xAttr
19375,oEffect,oWant
19376,xIntent,xEffect
19377,oEffect,oEffect
19378,xEffect,oWant
19379,xReact,xAttr
19380,xAttr,xAttr
19381,xAttr,xAttr
19382,xAttr,xAttr
19383,xEffect,xNeed
19384,xNeed,xWant
19385,xReact,oReact
19386,xIntent,xWant
19387,xIntent,xWant
19388,xIntent,xWant
19389,xIntent,xWant
19390,xEffect,xEffect
19391,xIntent,xWant
19392,xIntent,oWant
19393,xIntent,xIntent
19394,xNeed,xReact
19395,xAttr,oEffect
19396,xNeed,xReact
19397,xIntent,xNeed
19398,xIntent,xIntent
19399,xIntent,xWant
19400,xAttr,xReact
19401,oReact,oWant
19402,xEffect,xAttr
19403,xAttr,xReact
19404,xIntent,xAttr
19405,xIntent,xNeed
19406,xIntent,xIntent
19407,oWant,xNeed
19408,xIntent,xAttr
19409,xAttr,xNeed
19410,xNeed,xEffect
19411,xAttr,xReact
19412,xReact,xAttr
19413,xIntent,xNeed
19414,xAttr,xAttr
19415,xNeed,xWant
19416,xIntent,xWant
19417,xReact,xAttr
19418,oEffect,oEffect
19419,xAttr,xIntent
19420,xAttr,xAttr
19421,xIntent,xWant
19422,xIntent,xEffect
19423,NA,xEffect
19424,xAttr,xAttr
19425,xIntent,xIntent
19426,xNeed,xWant
19427,xNeed,xEffect
19428,xIntent,xWant
19429,xAttr,xAttr
19430,xIntent,xReact
19431,xAttr,oReact
19432,xAttr,xEffect
19433,xIntent,xNeed
19434,xAttr,xAttr
19435,oEffect,xEffect
19436,xAttr,xAttr
19437,xIntent,xReact
19438,xEffect,xReact
19439,xAttr,xIntent
19440,oEffect,oEffect
19441,xIntent,xEffect
19442,oReact,xEffect
19443,xIntent,xAttr
19444,xIntent,xIntent
19445,xNeed,xWant
19446,xIntent,xAttr
19447,NA,oWant
19448,xNeed,oReact
19449,xAttr,xReact
19450,xAttr,xReact
19451,xWant,oEffect
19452,xIntent,xIntent
19453,xWant,xWant
19454,xAttr,xAttr
19455,xIntent,oWant
19456,xIntent,xWant
19457,xIntent,xAttr
19458,oEffect,xEffect
19459,oEffect,xWant
19460,xIntent,xNeed
19461,xIntent,xAttr
19462,oEffect,xEffect
19463,xEffect,xEffect
19464,oEffect,xAttr
19465,xEffect,xEffect
19466,xIntent,xWant
19467,xIntent,oWant
19468,xIntent,xWant
19469,oReact,oEffect
19470,xReact,oReact
19471,xAttr,xAttr
19472,xWant,xNeed
19473,xAttr,xIntent
19474,xIntent,xWant
19475,xWant,xIntent
19476,oEffect,xWant
19477,xNeed,xIntent
19478,xEffect,oReact
19479,xAttr,xAttr
19480,xAttr,xAttr
19481,xNeed,xWant
19482,xReact,xReact
19483,xAttr,xReact
19484,xNeed,oReact
19485,xIntent,xNeed
19486,xAttr,xAttr
19487,xIntent,xNeed
19488,xIntent,xNeed
19489,xIntent,xNeed
19490,xIntent,xWant
19491,xAttr,xAttr
19492,xAttr,oReact
19493,xIntent,xWant
19494,xAttr,xWant
19495,xIntent,oWant
19496,xIntent,xReact
19497,xEffect,xEffect
19498,xAttr,xAttr
19499,xAttr,xReact
19500,xAttr,xAttr
19501,oEffect,xReact
19502,xNeed,xWant
19503,xIntent,xReact
19504,xAttr,xAttr
19505,xEffect,xEffect
19506,xWant,xEffect
19507,oReact,xEffect
19508,xAttr,xAttr
19509,xIntent,xNeed
19510,xIntent,xIntent
19511,xIntent,xWant
19512,xAttr,xAttr
19513,xReact,oWant
19514,xIntent,xIntent
19515,xAttr,oReact
19516,xNeed,xEffect
19517,xIntent,xAttr
19518,xIntent,xWant
19519,oEffect,xEffect
19520,xReact,xEffect
19521,oEffect,oEffect
19522,xAttr,xAttr
19523,xIntent,oWant
19524,xEffect,xEffect
19525,xAttr,xReact
19526,xIntent,xEffect
19527,oEffect,xIntent
19528,xNeed,xReact
19529,xIntent,xWant
19530,xIntent,oWant
19531,xWant,xEffect
19532,xAttr,xReact
19533,xWant,xIntent
19534,oWant,xReact
19535,NA,xIntent
19536,xIntent,xNeed
19537,xAttr,xReact
19538,xAttr,xReact
19539,xAttr,xAttr
19540,xAttr,xReact
19541,xIntent,xWant
19542,xIntent,oEffect
19543,xIntent,xReact
19544,xNeed,xIntent
19545,xIntent,xWant
19546,xIntent,oWant
19547,xIntent,xNeed
19548,NA,xReact
19549,xIntent,xNeed
19550,xIntent,xNeed
19551,xAttr,xReact
19552,xEffect,xEffect
19553,xAttr,xReact
19554,oReact,xNeed
19555,xAttr,xReact
19556,xIntent,xWant
19557,xAttr,xAttr
19558,xAttr,xReact
19559,xAttr,xEffect
19560,xAttr,xAttr
19561,xAttr,xAttr
19562,xIntent,xWant
19563,xAttr,xReact
19564,xIntent,oWant
19565,oEffect,oReact
19566,xAttr,xAttr
19567,xIntent,xNeed
19568,oReact,xReact
19569,xIntent,xIntent
19570,xAttr,xAttr
19571,xIntent,xWant
19572,oReact,oWant
19573,xNeed,xNeed
19574,xIntent,xIntent
19575,xIntent,xEffect
19576,xIntent,xWant
19577,xIntent,xWant
19578,oEffect,xEffect
19579,xIntent,xNeed
19580,xEffect,xEffect
19581,oEffect,xEffect
19582,xIntent,xIntent
19583,xAttr,xAttr
19584,xAttr,xAttr
19585,xIntent,xWant
19586,xIntent,xNeed
19587,xIntent,xIntent
19588,xAttr,xEffect
19589,xIntent,xIntent
19590,xIntent,xNeed
19591,xIntent,xNeed
19592,xIntent,xWant
19593,xIntent,xEffect
19594,oWant,xReact
19595,oEffect,xReact
19596,xIntent,xWant
19597,xIntent,oEffect
19598,xIntent,xWant
19599,xEffect,xReact
19600,xIntent,oWant
19601,xIntent,xWant
19602,xAttr,xAttr
19603,xIntent,xWant
19604,xIntent,xWant
19605,xIntent,xWant
19606,xIntent,oWant
19607,xAttr,xAttr
19608,xNeed,xIntent
19609,xIntent,xNeed
19610,xAttr,xAttr
19611,xIntent,xWant
19612,xEffect,xEffect
19613,xIntent,xReact
19614,xIntent,xWant
19615,oReact,xIntent
19616,xIntent,xWant
19617,xWant,xIntent
19618,xReact,xReact
19619,xIntent,xWant
19620,xAttr,xReact
19621,xAttr,xAttr
19622,xIntent,xNeed
19623,oEffect,xWant
19624,xReact,xReact
19625,xAttr,xAttr
19626,xAttr,xAttr
19627,xAttr,xAttr
19628,xNeed,xEffect
19629,xIntent,xIntent
19630,oReact,xReact
19631,oEffect,xEffect
19632,xIntent,xIntent
19633,xWant,xWant
19634,oEffect,oEffect
19635,xIntent,xWant
19636,oEffect,xEffect
19637,xIntent,xNeed
19638,oEffect,xReact
19639,xAttr,xIntent
19640,xIntent,xReact
19641,xIntent,xIntent
19642,xIntent,xNeed
19643,xEffect,xAttr
19644,oWant,xAttr
19645,xEffect,xReact
19646,xAttr,xAttr
19647,xIntent,xIntent
19648,xNeed,xAttr
19649,oEffect,xEffect
19650,xIntent,xIntent
19651,xAttr,xAttr
19652,xIntent,oWant
19653,xAttr,xAttr
19654,xIntent,xReact
19655,xAttr,xAttr
19656,oEffect,xIntent
19657,xIntent,xEffect
19658,xReact,xAttr
19659,xIntent,xAttr
19660,xAttr,xAttr
19661,xIntent,xIntent
19662,xAttr,xReact
19663,xIntent,xWant
19664,xIntent,xIntent
19665,xEffect,oReact
19666,xAttr,xReact
19667,xEffect,xAttr
19668,xIntent,oWant
19669,xAttr,xAttr
19670,xAttr,xAttr
19671,xIntent,xReact
19672,oEffect,xAttr
19673,oEffect,xEffect
19674,oWant,xWant
19675,xIntent,xReact
19676,xIntent,xIntent
19677,xNeed,xNeed
19678,xEffect,xEffect
19679,xAttr,xReact
19680,oEffect,xAttr
19681,oWant,oWant
19682,xEffect,xEffect
19683,xIntent,xWant
19684,oEffect,xAttr
19685,xIntent,oWant
19686,xIntent,xIntent
19687,xReact,xReact
19688,xAttr,xAttr
19689,xIntent,xReact
19690,xReact,xNeed
19691,xIntent,oReact
19692,oReact,xEffect
19693,xAttr,xReact
19694,xReact,xReact
19695,xIntent,xReact
19696,xIntent,oWant
19697,xEffect,xReact
19698,xIntent,xIntent
19699,xIntent,xNeed
19700,xWant,xReact
19701,xIntent,xIntent
19702,xWant,oWant
19703,oWant,xIntent
19704,xReact,xReact
19705,xIntent,xIntent
19706,xIntent,oEffect
19707,xIntent,xEffect
19708,xWant,xReact
19709,oReact,oWant
19710,xNeed,xEffect
19711,xIntent,xIntent
19712,xNeed,xWant
19713,xAttr,oReact
19714,xEffect,xEffect
19715,oReact,xIntent
19716,xEffect,xEffect
19717,xAttr,xEffect
19718,xAttr,xAttr
19719,xIntent,xNeed
19720,xAttr,xEffect
19721,oReact,xEffect
19722,xEffect,xEffect
19723,xEffect,xReact
19724,xIntent,xWant
19725,xWant,xIntent
19726,xEffect,xEffect
19727,xIntent,xNeed
19728,xAttr,xNeed
19729,xIntent,xAttr
19730,oEffect,xEffect
19731,oReact,xEffect
19732,NA,oWant
19733,xIntent,xIntent
19734,xIntent,xNeed
19735,xWant,oEffect
19736,xIntent,oWant
19737,xAttr,xAttr
19738,oEffect,xAttr
19739,xIntent,oEffect
19740,oEffect,xEffect
19741,xWant,xAttr
19742,xIntent,xAttr
19743,xIntent,xIntent
19744,oReact,oWant
19745,xAttr,xWant
19746,xIntent,xReact
19747,xIntent,xNeed
19748,xIntent,xReact
19749,xAttr,oReact
19750,oReact,oEffect
19751,xIntent,xAttr
19752,xIntent,xIntent
19753,xIntent,oWant
19754,xIntent,xWant
19755,xIntent,oWant
19756,xAttr,xEffect
19757,xAttr,xAttr
19758,xIntent,oWant
19759,xAttr,xEffect
19760,xIntent,xNeed
19761,oEffect,xReact
19762,xIntent,xReact
19763,oReact,xEffect
19764,xIntent,xWant
19765,xAttr,oReact
19766,xIntent,xNeed
19767,xIntent,xIntent
19768,xAttr,xReact
19769,xAttr,xAttr
19770,xAttr,xReact
19771,xIntent,xAttr
19772,xEffect,oWant
19773,xIntent,xIntent
19774,xWant,xWant
19775,oEffect,xReact
19776,xWant,xIntent
19777,xAttr,xReact
19778,xAttr,xEffect
19779,xIntent,oWant
19780,NA,xWant
19781,oReact,xEffect
19782,oEffect,oReact
19783,xAttr,xAttr
19784,xIntent,xIntent
19785,xIntent,oReact
19786,xAttr,xReact
19787,xNeed,xAttr
19788,xEffect,xReact
19789,xAttr,xAttr
19790,xIntent,xIntent
19791,xAttr,xWant
19792,xIntent,xIntent
19793,oEffect,xReact
19794,xIntent,xIntent
19795,xWant,oWant
19796,xIntent,xIntent
19797,oEffect,xAttr
19798,oEffect,xReact
19799,xWant,xNeed
19800,xIntent,oWant
19801,oEffect,xAttr
19802,xIntent,xWant
19803,oWant,xWant
19804,oEffect,xEffect
19805,oReact,oEffect
19806,xWant,xEffect
19807,xIntent,xEffect
19808,xIntent,oWant
19809,xAttr,xAttr
19810,xEffect,xEffect
19811,xNeed,xAttr
19812,xEffect,xAttr
19813,xEffect,xEffect
19814,oEffect,oEffect
19815,xAttr,xAttr
19816,oEffect,xReact
19817,xWant,xAttr
19818,oWant,xNeed
19819,xIntent,xNeed
19820,xIntent,xNeed
19821,oReact,oWant
19822,xIntent,xIntent
19823,xIntent,xWant
19824,xIntent,oWant
19825,xAttr,xAttr
19826,xIntent,xEffect
19827,xNeed,xWant
19828,xAttr,xReact
19829,xReact,oWant
19830,xEffect,xWant
19831,xIntent,xReact
19832,xIntent,xWant
19833,xWant,xReact
19834,xIntent,xNeed
19835,xIntent,oReact
19836,xIntent,xWant
19837,xEffect,oReact
19838,xAttr,xAttr
19839,oEffect,xEffect
19840,oWant,xAttr
19841,xIntent,xIntent
19842,xAttr,xReact
19843,xIntent,xEffect
19844,xWant,xReact
19845,xAttr,xAttr
19846,xIntent,oWant
19847,xReact,xAttr
19848,xAttr,xAttr
19849,xIntent,xNeed
19850,xIntent,xWant
19851,xIntent,xWant
19852,NA,xAttr
19853,xIntent,xWant
19854,xAttr,xAttr
19855,xIntent,xEffect
19856,oWant,oWant
19857,NA,xAttr
19858,xReact,oReact
19859,xIntent,xIntent
19860,oEffect,xEffect
19861,xIntent,xIntent
19862,xIntent,xWant
19863,oEffect,oWant
19864,xIntent,xNeed
19865,xIntent,xWant
19866,xIntent,oReact
19867,xReact,xReact
19868,xIntent,xNeed
19869,xIntent,xIntent
19870,xIntent,xWant
19871,xNeed,xWant
19872,xWant,xNeed
19873,oEffect,xEffect
19874,xIntent,xWant
19875,oEffect,xEffect
19876,xAttr,xReact
19877,xReact,xReact
19878,xAttr,xAttr
19879,xAttr,xAttr
19880,xWant,xNeed
19881,xIntent,xAttr
19882,xIntent,oWant
19883,xAttr,xAttr
19884,xIntent,xWant
19885,xIntent,xNeed
19886,oEffect,xIntent
19887,xIntent,xReact
19888,xIntent,xWant
19889,xIntent,xWant
19890,xReact,oReact
19891,xIntent,xAttr
19892,xIntent,xIntent
19893,xIntent,xEffect
19894,xEffect,xEffect
19895,oEffect,xReact
19896,oReact,oWant
19897,oEffect,xNeed
19898,xIntent,xNeed
19899,xWant,xWant
19900,xReact,xReact
19901,xIntent,oWant
19902,xReact,xWant
19903,xReact,xAttr
19904,xIntent,xIntent
19905,oReact,oWant
19906,oEffect,xAttr
19907,xNeed,xWant
19908,xIntent,xEffect
19909,xNeed,xAttr
19910,oReact,xReact
19911,xIntent,xIntent
19912,xIntent,xWant
19913,xNeed,xIntent
19914,xIntent,xWant
19915,xIntent,xIntent
19916,xEffect,xAttr
19917,xIntent,xWant
19918,xNeed,xWant
19919,xIntent,xNeed
19920,xIntent,xIntent
19921,oEffect,xNeed
19922,xIntent,xIntent
19923,xWant,oWant
19924,xAttr,oEffect
19925,xAttr,xReact
19926,NA,xWant
19927,xWant,xWant
19928,oEffect,xNeed
19929,xNeed,xWant
19930,xEffect,oReact
19931,xWant,xIntent
19932,xReact,xEffect
19933,xIntent,xNeed
19934,xAttr,xAttr
19935,xWant,xAttr
19936,xIntent,xIntent
19937,xEffect,xEffect
19938,xIntent,oWant
19939,oEffect,oEffect
19940,xIntent,xWant
19941,xIntent,oWant
19942,xAttr,xAttr
19943,xEffect,xNeed
19944,xIntent,xNeed
19945,xReact,xIntent
19946,xIntent,xNeed
19947,xIntent,xWant
19948,xIntent,xNeed
19949,xIntent,xWant
19950,xIntent,xIntent
19951,xAttr,xAttr
19952,xIntent,xWant
19953,oEffect,xEffect
19954,xIntent,oWant
19955,oEffect,xEffect
19956,xAttr,xEffect
19957,xAttr,xAttr
19958,xIntent,xNeed
19959,oWant,oEffect
19960,xAttr,xWant
19961,xNeed,oEffect
19962,xIntent,xEffect
19963,xIntent,oReact
19964,xIntent,oWant
19965,oEffect,xEffect
19966,xIntent,xIntent
19967,xIntent,xEffect
19968,xIntent,xWant
19969,xIntent,xAttr
19970,oEffect,xAttr
19971,xIntent,xIntent
19972,oWant,xReact
19973,xWant,xEffect
19974,xAttr,xAttr
19975,oWant,xWant
19976,xEffect,xAttr
19977,xEffect,xAttr
19978,xIntent,xAttr
19979,oWant,xWant
19980,oEffect,xNeed
19981,xIntent,xEffect
19982,xEffect,oEffect
19983,xWant,oWant
19984,xIntent,xReact
19985,oEffect,oEffect
19986,xEffect,xEffect
19987,oEffect,xEffect
19988,xAttr,oReact
19989,NA,xAttr
19990,xWant,oWant
19991,xAttr,xReact
19992,xWant,xNeed
19993,xIntent,oWant
19994,oEffect,xEffect
19995,xAttr,xAttr
19996,xReact,oWant
19997,oWant,oWant
19998,xAttr,xAttr
19999,xAttr,xIntent